Brand,country_product_octo
Adore store,CN
Adorever,CN
Adoric,CN
Adouiry,CN
Advance,CN
AebDerp,CN
Aeergured,CN
Aegean 06,CN
Aeloa,CN
Aotto,CN
Aowu Electronics,CN
Aoyar,CN
Aoydr,CN
Apark,CN
Apatner,CN
Aphse,CN
Apipi,CN
Apluskis,CN
Apofly,CN
Appliancemate,CN
Applica Consumer Products Inc,CN
Aproca,CN
Apuxon,CN
Aqua Mix,CN
Aquach,CN
Aqur2020,CN
Ardest,CN
Aries outlets,CN
ArlinaL,CN
Aromacare,CN
Art Jian,CN
Artmotree,CN
Artshu,CN
Asingleer,CN
Asixxsix,CN
Asng,CN
Aspirtech,CN
AstryCA,CN
Athbavib,CN
Atlantic Office,CN
Atopov,CN
AuLink,CN
Aubric,CN
BBIQI,CN
BBOUTEY,CN
BBYB,CN
BDTTBZ,CN
BDenise-Liu,CN
BE1,CN
BECSUPPT,CN
BEETRO,CN
BEIKU,CN
BELANKO,CN
BENOSS,CN
BENYI,CN
BESWOOD,CN
BEWAMF,CN
BEYOLO,CN
BFTECH,CN
BGEST,CN
BHI,CN
BHTOP,CN
BI-DTOOL,CN
BIBILAB,CN
BIDLOTCUE,CN
BIGKEYEOY,CN
BILING palart,CN
BILLDAN,CN
BILT HARD,CN
BIMZUC,CN
BIOXO,CN
BOPOND,CN
BOPOREAE,CN
BORKA,CN
BOROLA,CN
BOYON,CN
BRABURG,CN
BRAMING,CN
BREIS,CN
BRIAN %26 DANY,CN
BRKURLEG,CN
BRODUX,CN
BTMETER,CN
BTMKS,CN
BURGESS BROTHERS BBQ & BURGERS COMMITTED TO SERVICE,CN
BUSYPIGGY,CN
BUYGOO,CN
BUYING,CN
BUYNICE,CN
BWWNBY,CN
BYKITCHEN,CN
BZ,CN
BZGS,CN
BZLEK,CN
BaiQiuS,CN
Balamiya,CN
Balance World Inc,CN
Balaweis,CN
Ballbietor,CN
Bally Refrigerated Boxes,CN
Baluue,CN
Baratza,CN
Barhon,CN
Bartelli,CN
Baseaire,CN
Basuwell,CN
Bavpelp,CN
Bbrand,CN
Bcamelys,CN
Beaquicy,CN
Bear Village,CN
BearsFire,CN
Beaulyn,CN
BeautyLifee,CN
Beautys 101,CN
Beckool,CN
Beegoo,CN
Beenate,CN
Behovd,CN
Bekizo,CN
BestFire,CN
BestFire®,CN
BestTong,CN
Bestalent,CN
Bestand,CN
Bestlife,CN
Bestol Tech,CN
Bestoothxianfan,CN
Beswarmy,CN
Betitay,CN
Bettli,CN
Bevilt,CN
Bextcok,CN
Beyxdu,CN
Bfttlity,CN
Biange,CN
Bicaquu,CN
Bidakid,CN
Binchil,CN
Bionew,CN
Bisselll,CN
BiuBiuBoom,CN
Blawicat,CN
Blenpapa,CN
Blest,CN
Blingbin,CN
Block Sharpener,CN
Blooming tree,CN
Bonsicoky,CN
Bonterra,CN
Bonxull,CN
BooTaa,CN
Boolavard,CN
Bosting,CN
Bosttor,CN
BotaBay,CN
Boundless Voyage,CN
BoxLegend,CN
Boxtree,CN
Bracon,CN
Bretani,CN
Brewslang,CN
BriSunshine,CN
Bribass,CN
Brica,CN
Brightwatts,CN
Brigii,CN
Brisunshine,CN
Britimes,CN
Broadtech,CN
Broil King,CN
Bromose,CN
Bsnuo,CN
Bswalf,CN
CCBUTIK,CN
CEDITA,CN
CEENFFO,CN
CELL9102,CN
CETOOM,CN
COKLAI,CN
COMOK,CN
COMPONALL,CN
COMSOON,CN
CONBOLA,CN
CONQUECO,CN
CONVENIC,CN
COOAK,CN
COOES,CN
COOKRA,CN
COOKUFO,CN
COOL2DAY,CN
COOLHOME,CN
COOLLIFE,CN
COOSEON,CN
COOZYER,CN
COPOL,CN
COPORA,CN
COQOFA,CN
COSIN,CN
COUYY,CN
COZYSWAN,CN
CP,CN
CPROSP,CN
CPY,CN
CREATIVECHEF,CN
CRESTWARE,CN
CROWNY,CN
CRRD,CN
CS Battery,CN
CS COOLSHOW,CN
CS Cameron Sino,CN
CSRTONI,CN
CTpepper,CN
CUEA,CN
CUISUNYO,CN
CUJMH,CN
CUKOR,CN
CURMIO,CN
CURODAR,CN
CURTIS,CN
CVERY,CN
CWNOTBHY,CN
CXBB,CN
CXhome,CN
CZY,CN
CaOJing,CN
Cabina home,CN
Carejoy,CN
Carniway,CN
CarolynDesign,CN
Caroma,CN
Caslon,CN
Ceiling Fans,CN
CeilingBay,CN
Celestial Gift LLC,CN
Cellay,CN
CennLim,CN
Ceoon,CN
Cesnleoik,CN
Cesun,CN
ChShLian,CN
Chanmeen,CN
Chaotai,CN
Charbrofire,CN
Charcoal Companion,CN
Charlux,CN
CharmRoc,CN
Charmelife,CN
Charmhe,CN
Chasheyp,CN
ChengHongXing,CN
Chengke,CN
Chestnut-YX,CN
Chi yue,CN
Chic Now,CN
ChinaFind,CN
Chironal,CN
Chneeu,CN
Chooling,CN
Chris.W,CN
Chuanchenng,CN
CiWana,CN
Cicony,CN
Cifaisi,CN
Cikyze,CN
Cimenn,CN
Cioey,CN
Cipamnel,CN
Cison,CN
Citus,CN
Cjbenuti,CN
Clean Trust,CN
Cleancleaner,CN
Clear lighting,CN
CoolKo,CN
Cuque,CN
Cxy,CN
Cystarry,CN
D,CN
D%26A,CN
DABLUE,CN
DADA,CN
DAOKI,CN
DAPANIY,CN
DASHQI,CN
DATOUBOSS,CN
DAVITU,CN
DAVV,CN
DAYOOH,CN
DBLQ,CN
DCIGNA,CN
DCS,CN
DECVO,CN
DEDA,CN
DEDAKJ,CN
DEEMTON,CN
DEES,CN
DEJUN,CN
DEKIRU,CN
DEKOHM,CN
DELUX,CN
DEMMEX,CN
DENSORS,CN
DEWENWILS,CN
DEWTTE,CN
DFSFDS,CN
DFSX,CN
DFmicro,CN
DGQ,CN
DGRSXS,CN
DGZENTEX,CN
DHAA,CN
DHPO,CN
DHS,CN
DI MORE,CN
DIET COOKER,CN
DIGIeye,CN
DIKOCO,CN
DINAPENTS,CN
DIY,CN
DIYARTS,CN
DKMHA,CN
DLGGO,CN
DLONY,CN
DMRSUP,CN
DMXM,CN
DNSJB appliance base,CN
DNYSYSJ,CN
DODY,CN
DOERDO DD,CN
DONNGYZ,CN
DOOMSDAYDECALS,CN
DOQAUS,CN
DOUBFIVSY,CN
DOUBLE 2 C,CN
DOUMIGO,CN
DOUXURY,CN
DOWEOR,CN
DOWILLDO,CN
DQR,CN
DR.PREPARE,CN
DR.Water Filter,CN
DREFXYH,CN
DSDecor,CN
DSIGO,CN
DSLFJ,CN
DT Digital Marketing Services LLC,CN
DTAIR,CN
DUSTYPROTE,CN
DVC Micro-Lined,CN
DVE,CN
DVEDA,CN
DXDYI,CN
DYCUN,CN
DYZQ,CN
DZS Elec,CN
DaDi,CN
DaFuRui,CN
DaKuan,CN
DaMohony,CN
Dadanism,CN
Dallfoll,CN
Danzel,CN
DanziX,CN
DarNio,CN
Darren,CN
DasMarine,CN
Daszui,CN
Daxin,CN
Daxry,CN
Daybreak Young,CN
DealLED,CN
DealsOutlets,CN
Dearne,CN
DecoLife,CN
Dedeo,CN
Deemen,CN
Deli-mate,CN
Delicacy,CN
Delidge,CN
Demeras,CN
Denali Pure,CN
Determine,CN
Deti,CN
Devan,CN
Devansi,CN
Dicollas,CN
Diggtek,CN
DiiDa,CN
Diker,CN
Dilexus,CN
Ding Li,CN
Dingkei,CN
Dioche,CN
Directtyteam,CN
Discount Mylar Bags,CN
Disi,CN
Diydeg,CN
Diyeeni,CN
Docakaicn,CN
Docooler,CN
Doitsa,CN
Dolabon,CN
Dollity,CN
Domccy,CN
Dongming,CN
Doomfist,CN
DoraHomi,CN
Dorlle,CN
Dosododa,CN
Dotlite,CN
Double B,CN
Double Elite,CN
DoublePlus,CN
Dozod,CN
Dprofy,CN
Dr. Beckmann,CN
Dr. Bruce,CN
Dream Wings,CN
DreamInn,CN
Dreametech,CN
Drizom,CN
Dtacke,CN
Dttery,CN
DuJaSho,CN
Duevin,CN
Duomishu,CN
Dupad story,CN
DurationPower,CN
Dyna-Living,CN
Dynamic,CN
Dzhot51,CN
E ECSEM,CN
E Yuty,CN
E-PRANCE,CN
E-SDS,CN
E-cowlboy,CN
E-link,CN
E.C. Kraus,CN
EALEK,CN
EARTH STAR,CN
EASEHOLD,CN
EASYSO,CN
EBaokuup,CN
ECOELER,CN
ECOTOUCH,CN
ECW,CN
EDIC,CN
EDLDECCO,CN
EE-ACE,CN
EEEKit,CN
EEVARK,CN
EFISH,CN
EGR,CN
EGTWO,CN
EKNOSRI,CN
EKON,CN
EKON KITCHEN EXPERT,CN
EKSAVE,CN
ELEGIANT,CN
ELINKA,CN
ELINP,CN
EMAANIA,CN
EMAZON ONLINE,CN
EMISK,CN
EMVANV,CN
ENEGON,CN
ENLOY,CN
Eagou Diary,CN
Easily Life,CN
East Dental,CN
Eastbuy,CN
Easy Blend,CN
Easyinsmile,CN
Easylife185,CN
Easyshot,CN
Easytry123,CN
Easyworkz,CN
Eau,CN
Echaprey,CN
EchoDone,CN
Eco Four Twenty,CN
Eco Moda,CN
Ecumfy,CN
Edtt741,CN
Educnma,CN
Efast,CN
Eglaf,CN
Ehomely,CN
Ei-Tiger,CN
EiDevo,CN
Ejoyous,CN
Eko Kinzoku,CN
Elegear,CN
Elenzk,CN
Eliamo,CN
Ellenge,CN
Elrido,CN
Elvana,CN
Emakefun,CN
Emd Koni,CN
Emiral,CN
Emousport,CN
Emson,CN
Enchante Accessories,CN
Encheng,CN
Enerburg,CN
Energup,CN
EnjoyLife Inc,CN
Enlove,CN
Enrilior,CN
EnviorCare,CN
EnweMahi,CN
Eopocdor,CN
Epoch Making,CN
Ereka roller,CN
Erlvery DaMain,CN
Escueto,CN
Eshake,CN
Eslite,CN
Essenli,CN
Essentials By Matteo,CN
Esthepro,CN
Esthesia,CN
Etercycle,CN
Ettonsun,CN
EurDiza,CN
Eureka Sanitaire,CN
Everzen,CN
EwinYee,CN
Excavator,CN
Excelity,CN
Excitingus,CN
Exclen,CN
Exmate,CN
Extenuating Threads,CN
Eyech,CN
Eyliden,CN
Eyourlife,CN
Ezire,CN
F FINEC,CN
F Flammi,CN
F'wode,CN
FAEKSUR,CN
FAMCÜTE,CN
FAMILY CARE ACCU,CN
FAN-X,CN
FANCOOL,CN
FANCYWING,CN
FANGULU,CN
FANTEXY,CN
FASH,CN
FASOTY,CN
FBKPHSS,CN
FCS.story,CN
FDFD,CN
FEATURED STORE,CN
FEESHOW,CN
FEINIU,CN
FELLOWES(R),CN
FENGWANGLI,CN
FEPITO,CN
FF,CN
FFXWTSF,CN
FFfeily,CN
FGDG,CN
FGSS,CN
FIGMASU,CN
FILITABA,CN
FILWIN,CN
FINDKING,CN
FIRST-MALL,CN
FITHOOD,CN
FITNATE,CN
FIVE FLOWER,CN
FIWOTTTDA,CN
FIXMSV,CN
FKANT,CN
FLAMEER,CN
FLN,CN
FLORNIA,CN
FLOWARD,CN
FLOWER,CN
FLOWERCAT,CN
FLSEPAMB,CN
FLY KAN,CN
FLYLINKTECH,CN
FMOGE,CN
FMP Brands,CN
FOCCTS,CN
FOLLETT ICE,CN
FOLSOM,CN
FONALU,CN
FOOCHY,CN
FORTGESCHE,CN
FOSKU,CN
FOSUTOU,CN
FOTABPYTI,CN
FOUR UNCLES,CN
FOWALCOO,CN
FOWOKAW,CN
FOYO,CN
FREAHAP R,CN
FREE VILLAGE,CN
FREEKING,CN
FRIZCOL,CN
FRUITEAM,CN
FS-TFC,CN
FSKE,CN
FTAIDD,CN
FTVOGUE,CN
FThinkup,CN
FUBARBAR FUNNY PLACE TO STAY,CN
FUDOVA,CN
FUHUIM,CN
FULANDL,CN
FULLBELL,CN
FUMANLI,CN
FUNEEZ,CN
FUNLAVIE,CN
FUNLMO,CN
FUNY,CN
FUYILIN,CN
FUYUAN,CN
FV FVikers,CN
FVVMEED,CN
FYJK,CN
FYL,CN
FYUSTOL,CN
FYYZY,CN
FZLFTWSY,CN
FZZXOO,CN
FaSoLa,CN
Facaimo,CN
Facet,CN
Faison,CN
Fajiabao,CN
Famedy,CN
FanCheng,CN
Fancii,CN
Fancy Buying,CN
Fandian,CN
Fangfang,CN
Fanovo,CN
Fansices,CN
Fansose,CN
Farochy,CN
Fashionclub,CN
Fashionclubs,CN
Fashionmall,CN
FatCat Wall Graphics,CN
Favoritor,CN
Fbemoz,CN
Fditt,CN
Feian,CN
Femuar,CN
Fendou,CN
FengWings,CN
Fengyet,CN
Fenvella,CN
Ferroday,CN
FeschDesign,CN
Festnight,CN
Feugole,CN
Fey-US,CN
Fhybat,CN
Fierceriver,CN
Fierymoto,CN
Filfeel,CN
Filterops,CN
Final Touch,CN
Find-In-Find,CN
FineGood,CN
FineInno,CN
Fire Beauty,CN
Firegas,CN
FirstDecor,CN
Fishda,CN
FixCracked,CN
Fixget,CN
Fixitshop,CN
Flauno,CN
Flavorstation,CN
Flocovers,CN
Flowbee Haircutter,CN
Fluid-O-Tech,CN
Fly Skyline,CN
FlyItem,CN
Flydigi,CN
Flying Deer,CN
Focket,CN
Focuses,CN
Fododo,CN
Foetest,CN
Foknya,CN
Foleto,CN
Folex,CN
FomaTrade,CN
Fonday,CN
Food Network,CN
Food Party,CN
ForestBird,CN
Forsisco,CN
Fovendi,CN
Fox Trot,CN
FrSara,CN
Fratomesh,CN
Freedi,CN
Frescares,CN
Frewico,CN
Froggen,CN
Fsdfgc,CN
Fterwk,CN
Fudoray,CN
Fugard,CN
Fuhaieec,CN
Fujisho,CN
FungLam,CN
Funland,CN
Funntech,CN
Futu,CN
Futurebatt,CN
G.a HOMEFAVOR,CN
GAFICHEF,CN
GARDOM,CN
GCSOAR,CN
GDJGTA,CN
GDSTIME,CN
GE APPLIANCE PARTS,CN
GUCHIS,CN
GUEER,CN
GUEQUITLEX,CN
GUIFIER,CN
GULAKI,CN
GUOYANG,CN
GUYAAC,CN
GUYUE,CN
GVANIAMY,CN
GWolffy,CN
GXOACKJ,CN
GYCD,CN
GYLJJ,CN
GYMNASTIKA,CN
GYSXRDA,CN
GZFGJ,CN
GZFY,CN
GZwdflife,CN
GadgetsTalk,CN
GagetElec,CN
Galanz GL31BK,CN
Gaormii,CN
Garage Outlet,CN
Garne T,CN
Garos Goods,CN
Gavin parts shop,CN
Gazechimp,CN
Gazeer,CN
Gbivbe,CN
GearRoot,CN
GeeRic,CN
Geengle,CN
Gelamice,CN
Genericb,CN
Geohee,CN
Gereric,CN
GerlWorld,CN
Get Organized,CN
Gevin,CN
Gevoli,CN
Gezond,CN
Giantex,CN
Ginkick,CN
GinsonWare,CN
Girl and Cat,CN
Gisor Gzh,CN
Gitsiee,CN
Glintee,CN
Global Share-W,CN
Gloplum,CN
Glormart,CN
GoLine,CN
Gocoffun,CN
Gocomcom,CN
GodPaoer,CN
Gohfeoeo,CN
Goick,CN
GoldFox,CN
GoldPaddy,CN
Goldfish,CN
Goldmeet,CN
Gonoker,CN
Good Habit,CN
Goodie,CN
Gooshi,CN
Gooyoou,CN
Goshyda,CN
Gosmol,CN
Govee,CN
GraTrend,CN
Graigar,CN
Grand thousand Sport,CN
Grasseed,CN
Grayline,CN
Greenbrier International,CN
Greenf,CN
Greenidea,CN
Grill Valueparts,CN
Grinder,CN
GroceryCentre,CN
Grosun,CN
Grwhopy,CN
Gtest,CN
GuBen,CN
Guaranteed Fit Parts,CN
Guo shop,CN
Guozhi,CN
Gying,CN
Gyrategirl,CN
G·SENYE,CN
H TING,CN
H YANKA,CN
H&D HYALINE & DORA,CN
H&T,CN
H-kai shop,CN
H1A,CN
HAIMIM,CN
HAMIIS,CN
HAMORU,CN
HANAMO,CN
HAPPEEY,CN
HAQQI,CN
HARPAT,CN
HARUE,CN
HARZBEKE,CN
HAYI,CN
HEALLILY,CN
HEARTLAND,CN
HEASEA,CN
HEDOMII,CN
HEEPDD,CN
HEERTTOGO,CN
HEIHOX,CN
HENFORTO,CN
HENMI,CN
HERAVAC,CN
HERMEPER,CN
HERRCHEF,CN
HESTIA,CN
HEYANG,CN
HEYI,CN
HFGS,CN
HGCY,CN
HHTD,CN
HHXRISE,CN
HIGHER,CN
HIMETSUYA,CN
HIMrHEPA,CN
HISSUN,CN
HITOS,CN
HIYOO,CN
HJ Garden,CN
HJH%C2%AE,CN
HKFG,CN
HKKAIS,CN
HLMOptimo,CN
HLMxOptimo,CN
HLWAWA,CN
HLZC,CN
HNBun,CN
HNKOUBR,CN
HOBOT,CN
HOCOSY,CN
HOHO,CN
HOISTAC,CN
HOKICOO,CN
HOKLAN,CN
HOLD U FUN,CN
HOLIDAYFUN,CN
HOMEE House,CN
HOMENOTE,CN
HOMEREFROM,CN
HOMEVER,CN
HOMIEE,CN
HOMIKE,CN
HOMOC,CN
HONANK,CN
HONG,CN
HONGCHAOUS,CN
HONGJI,CN
HONGNAL,CN
HONGPAS,CN
HONGYETAJA,CN
HOOVER INC/TTI FLOOR CARE,CN
HOPVISION,CN
HOREVO,CN
HOSKO,CN
HOVELY,CN
HOVERLY,CN
HOZODO,CN
HQ Jewelry,CN
HSF,CN
HSFHDSY,CN
HSONLINE,CN
HSP-HSWITI,CN
HSTYAIG,CN
HSW,CN
HSimple,CN
HTB,CN
HUA,CN
HUAHAT HuaHat,CN
HUALAND,CN
HUAWELL,CN
HUIBEST,CN
HUIGUAN,CN
HUKOER,CN
HULUWAWA,CN
HUSSSH,CN
HUUITO,CN
HWHCZ,CN
HWZXBCC,CN
HXFAFA,CN
HXV,CN
HYIEAR,CN
HYSHIKRA,CN
HZJSPXC,CN
HZYFP,CN
HahaBear,CN
HairGo,CN
Hakan,CN
Hakkatronics,CN
"Halo Technologies, Inc.",CN
Hamiggaa,CN
Hamilton Hills,CN
Hamimelon,CN
HanaHut,CN
Handyvac,CN
Hanlomele,CN
Hanman,CN
Hanyuya,CN
HapWay,CN
Happy Care,CN
Happy Hour US,CN
Happy Sales,CN
Happy Sunshine,CN
Happy-house,CN
Harmorale,CN
Haturi,CN
Haus,CN
Haweko,CN
Hayner-Seek,CN
Hdeilaan,CN
Healva,CN
Heamtty,CN
HeiGuno,CN
HeiYi,CN
Hejiko,CN
HelloCreate,CN
Hemoton,CN
Hemour,CN
Hendevl,CN
Hene,CN
HengBO,CN
HengLiSam,CN
HengST,CN
Henghao,CN
Hengory,CN
Hengxiao,CN
Henky Vacuum,CN
HerMia,CN
Herasa,CN
Herat,CN
Hercaise,CN
Hereta,CN
Hermitlux,CN
Hermitshell,CN
Heroine & you,CN
Herrfilk,CN
Hestya,CN
Hey CII port,CN
Heyang,CN
Hgcar,CN
HiAir,CN
Hicarer,CN
Hicer,CN
Hicient,CN
Hidoer,CN
Higfra,CN
High,CN
High life,CN
Highwin,CN
Higohome,CN
Hiking bear,CN
Hilatita,CN
Hilitchi,CN
Hillento,CN
Hillvo,CN
Himimi,CN
Hinder,CN
Hion,CN
Hisencn,CN
HisoHu,CN
Hisome,CN
Hitogo,CN
HiveNets,CN
HiwowSport,CN
Hiyoo,CN
Hkmmky,CN
HmiL-U,CN
Hockoliy,CN
Hoepaid,CN
Hofumix,CN
Holanper,CN
Holica,CN
Holikme,CN
Holite,CN
Holove,CN
HomRing,CN
Homade,CN
Homai,CN
Homblze,CN
Homcosy,CN
Home Appliances Inc Of ShenZhen,CN
Home High Power lamp,CN
Home Mart,CN
Home-organizer Tech,CN
HomeT,CN
Homecarely,CN
Homecarley,CN
Homemax,CN
Homeswitch,CN
Homever,CN
Homewell,CN
Homeyi,CN
Homidy,CN
Homland,CN
Hommak,CN
Hommater,CN
Homself,CN
Homsky,CN
Homstar,CN
HonTaseng,CN
Honati,CN
HoneyGod,CN
HongTeng,CN
Hongfago,CN
Hongyitime,CN
Honlibey,CN
Hononjo,CN
Hooin,CN
Hopey,CN
Hopkog,CN
Hormel,CN
Horuhue,CN
Hotfield,CN
Hotool,CN
Hottche,CN
Houkoli,CN
HouseDing,CN
Housedo,CN
Housedodo,CN
Housmile,CN
Hptmus,CN
Htekgme,CN
Huanlemai,CN
Huaviwer,CN
Hubei,CN
Huhushop,CN
HuiYouHui,CN
Huibao,CN
Huluda,CN
Huma,CN
Humorous.P,CN
Hunmfo,CN
Hunter Office,CN
Hurikry,CN
Hushtong,CN
Husky,CN
Huthbrother,CN
Huttoly,CN
Huwaimi,CN
Hvanam,CN
Hyboloy,CN
HydraKer,CN
Hysbame,CN
Hysure Direct,CN
Hyy,CN
Hzran,CN
Hzw,CN
I'SMARTMOON,CN
I-clean,CN
IAHOME,CN
IASOBLI,CN
IAlliance(TM),CN
IBERLS,CN
IBETTERN,CN
IBLON,CN
IBLUELOVER,CN
ICE MAKER,CN
ICEBIRDS,CN
ICETEK,CN
ICO Trading,CN
ICOOL,CN
ICQUANZX,CN
ID FreshFoods,CN
IDEER LIFE,CN
IETONE,CN
IHAYNER,CN
IHOMEIS,CN
IKTCH,CN
IMMOOWWI,CN
IMS Filtri,CN
"IMS, Cafelat",CN
IMURZ,CN
INKDSAT,CN
INLASK,CN
INMUA,CN
INNOLITES,CN
INOO,CN
INORS,CN
INSHO,CN
INSTANTARTS,CN
INVODA,CN
IPOUF,CN
IPPON,CN
IRi,CN
ISILER,CN
ISINSER,CN
ITHKY,CN
ITTA,CN
IUTOYYE,CN
IZSOHHOME,CN
Ibnotuiy,CN
Iconites,CN
Icstation,CN
Idle Hippo,CN
Idler Pulley,CN
Igidia,CN
In kds,CN
Inborntrait,CN
Innoam,CN
Innolage,CN
Innovaty,CN
Insho,CN
IntelligHome,CN
J-Toy,CN
J.DAUL,CN
JADA Lifestyles,CN
JAENFONG,CN
JAHRSTIM,CN
JAHUL,CN
JAMORUNIE,CN
JASSY,CN
JAYDA,CN
JC SPORTLINE,CN
JCHPINE,CN
JCN,CN
JDSUMS,CN
JEDELEOS,CN
JEEMOO,CN
JETBUS,CN
JEWJIO,CN
JHZforest,CN
JIA XUN,CN
JIADONG,CN
JIALIPOK,CN
JIANGLI,CN
JIAOAOO,CN
JIE.,CN
JIEZEE,CN
JIFAR,CN
JIN-US,CN
JINGTIEDA,CN
JINHONG,CN
JINLI,CN
JINTONG,CN
JIUHA,CN
JIUWU,CN
JJLVTEK,CN
JJONE,CN
JL,CN
JLS,CN
JMADENQ,CN
JMAF,CN
JOAIFO,CN
JOANBETE,CN
JOBYNA,CN
JOEY%27Z,CN
JOMO,CN
JOMST,CN
JOONOR,CN
JOPOSTAR,CN
JORSION,CN
JOYBTS,CN
JOYOOO,CN
JOYSTAR,CN
JPRui,CN
JR.WHITE,CN
JS Jackson Supplies,CN
JSBVM,CN
JUANANIUG,CN
JUCAI,CN
JUDONGJU,CN
JUER,CN
JULYFOX,CN
JUMP,CN
JUNEU,CN
JUSPRO,CN
JUSTSTONE,CN
JUZIPI,CN
JVC,CN
JYDQM,CN
JYJZPB,CN
JYMBK,CN
JYPHM,CN
JZ,CN
Jabtraxx,CN
Jallen Gabor,CN
Jamba Appliances,CN
Janky,CN
Jawhock,CN
Jectse,CN
Jedchisa,CN
Jedulin,CN
Jeemiter,CN
Jeenone,CN
Jenngaoo,CN
Jerian,CN
Jesir,CN
Jeteven,CN
Jialexin,CN
Jiarosi,CN
Jiexin,CN
Jili Online,CN
JinJingTai,CN
Jingtao Art,CN
Jiusion,CN
Johnny Vac 440H HEPA central vacuum bags,CN
Jomilly,CN
Joplay,CN
Joso,CN
Josopa,CN
Joy Pebble,CN
JoySusie,CN
Joywayus,CN
Jubapoz,CN
Jugtech,CN
Juin,CN
Jukoclut,CN
Juluo,CN
JulyPanny,CN
Junluck,CN
Juno Story,CN
JuoPool,CN
Juyeer,CN
Jyan Dry,CN
K%26H,CN
KADIP,CN
KAFFEEFLITE,CN
KAISA VILLA,CN
KAISITE,CN
KALIME,CN
KALRI,CN
KAMMAK,CN
KAPOER,CN
KAQ,CN
KDKD,CN
KEBEIXUAN,CN
KECOW,CN
KEECOON,CN
KEEPTOP,CN
KEFAN,CN
KEKU,CN
KEN BROWN,CN
KENETT,CN
KEPKGO,CN
KESPURUI,CN
KETAR,CN
KGC,CN
KGK,CN
KHRS,CN
KINGDUCVIL,CN
KINGRUNNING,CN
KINGSO,CN
KINHON,CN
KIRSTHM,CN
KISEER,CN
KISEKI,CN
KITCHDAY,CN
KITCHENARM,CN
KITCHENDAO,CN
KITCHMIX,CN
KITCHPOWER,CN
KITCHPOWERR,CN
KITCHPRO,CN
KITHELP,CN
KITMA,CN
KJ-KayJI,CN
KJArrow,CN
KKLTDI,CN
KKmoon,CN
KLL,CN
KLOLKUTTA,CN
KLZO,CN
KMAKII,CN
KML,CN
KND,CN
KOBSAINF,CN
KOFOHO,CN
KOFOHON,CN
KOLET,CN
KOMAES,CN
KOODER,CN
KOOYR,CN
KOSBON,CN
KOTEFFR,CN
KOUQIYA,CN
KOVE,CN
KOVIIOL,CN
KOXHOX,CN
KPP,CN
KPWIN,CN
KPX,CN
KR-NET,CN
KRISVI,CN
KTMAII,CN
KTPOWER,CN
KTSIM,CN
KUNMINGER,CN
KUPPET,CN
KUQU,CN
KUUOTE,CN
KVMDAZ,CN
KVODM,CN
KYVOL,CN
KYY,CN
KZOBYD,CN
Kaishun,CN
Kaivancy,CN
Kakashi,CN
Kakeedoo,CN
Kakuru,CN
Kalamera,CN
Karcassin,CN
Karinear,CN
Kasachoy,CN
Kathlen,CN
Kbinter,CN
Kecheer,CN
Kedofa,CN
Keen so,CN
KeepTpeeK,CN
Keklle,CN
Kelibo,CN
Kellems,CN
KenJia,CN
Kentaly,CN
KesaPlan,CN
Keyian,CN
Keypro,CN
KiaoTime,CN
Kiato,CN
Kikerike,CN
Kiket,CN
Kiki,CN
Kikunum,CN
Kilimazart,CN
KingHumi,CN
Kinserty,CN
Kinsy,CN
Kintar,CN
Kinteshun,CN
Kinyanco,CN
Kisluck,CN
Kispog,CN
Kit,CN
Kit-Chef,CN
Kitchendo,CN
Kitchood,CN
Kjzeex,CN
Klean Logik,CN
KlirAir,CN
Klismos,CN
Kmatee,CN
Kneysan,CN
KoHuiJoo,CN
Koo,CN
Koonan,CN
Kowela,CN
Kparts,CN
Kslong,CN
Kuang,CN
Kupadio,CN
Kuvane,CN
KwafoTri,CN
Kwasyo,CN
L LIMINK,CN
L%C3%84TT LIV,CN
L'EQUIP,CN
L/V,CN
LAAT,CN
LACIDOLL,CN
LADYSON,CN
LAFOR,CN
LAKIDAY,CN
LAKIQ,CN
LAMPSMORE,CN
LANBOWAN,CN
LANGSHI,CN
LAOPAO,CN
LARATH,CN
LASHOP,CN
LATINDAY,CN
LBJ,CN
LBTbate,CN
LBell,CN
LC,CN
LCF,CN
LCOGI,CN
LCXEGO,CN
LCiWZ,CN
LDSOYIA,CN
LEADNOVO,CN
LEEHOO,CN
LEEWENYAN,CN
LEILIN,CN
LEIMO,CN
LEL,CN
LEMEN,CN
LEMENG,CN
LEOAOEA,CN
LEOBUYS,CN
LEPO,CN
LERORO,CN
LERSON,CN
LETKIM,CN
LEUGWAKN,CN
LEXSO,CN
LEyiife,CN
LFORBB,CN
LGEGE,CN
LGLR,CN
LHIABNN,CN
LHLYCLX,CN
LIAMTU,CN
LIANG'S CO.,CN
LIANGLIDE,CN
LIBWX,CN
LICHUAN,CN
LIDU,CN
LIGHTIMES,CN
LIHELEI,CN
LIJING,CN
LINGJUN,CN
LINRUS,CN
LINXUXIE BANDS,CN
LIOLI,CN
LIONGRI,CN
LIOOBO,CN
LISA ENJOYMENT,CN
LITBOOS,CN
LITFAD,CN
LIUCOGXI,CN
LIXYMO,CN
LIYYOO,CN
LJ002,CN
LJO-EEIH,CN
LKYU,CN
LLHNL,CN
LLYWCM,CN
LN LOVE NEST,CN
LNtech,CN
LOKEKE,CN
LONGSHENG - SINCE 2001 -,CN
LOREAD,CN
LOVIMELA,CN
LOYCEGUO,CN
LPHUMEX,CN
LQIQI,CN
LQKYWNA,CN
LQTTEK,CN
LRXMIYA,CN
LSTECH,CN
LUCKUP,CN
LUCKY CUP,CN
LUCOG,CN
LUEXBOX,CN
LUKO,CN
LUNERKU,CN
LUOOV,CN
LUUKMONDE,CN
LUWATT,CN
LUXEAR,CN
LUYE,CN
LVAINIT,CN
LVOERTUIG,CN
LVQUONE,CN
LW,CN
LWD,CN
LXTaoler,CN
LXun,CN
LYJIAJU,CN
LYLEE,CN
LYWHL,CN
LYiUP,CN
LZLRUN,CN
LZYMSZ,CN
La Gracery,CN
LadayPoa,CN
LanYu,CN
Lanbeibei,CN
Lanbo,CN
Lantter,CN
Lasamot,CN
Lazy,CN
Lcilent,CN
Leanking,CN
Leayjeen,CN
Lebond,CN
Lechay,CN
Ledoo,CN
LeeYean,CN
Leewa,CN
Leinuosen,CN
Lekgymr,CN
Lekzai,CN
Lelukee,CN
LeoTube,CN
Lesirit,CN
Lesucte,CN
Leungso,CN
LiBatter,CN
LiFuJunDong,CN
LiL DiHo,CN
LianX,CN
Libobo-001,CN
LifeEase,CN
Ligefoy,CN
LighSele,CN
Light Spectrum Enterprises%2C Inc,CN
Lighting Counter,CN
Liheya,CN
Lihuzmd,CN
Likeny,CN
Linkhood,CN
Liraip,CN
Little World,CN
Little bees,CN
Liumayas,CN
Livend,CN
Living Solutions,CN
LivingAid,CN
Livtor,CN
Liwes,CN
Lloveh,CN
Lokyoo,CN
Lonffery,CN
Lonheo,CN
Lonruis,CN
Looca,CN
Lopie,CN
Lopww,CN
Lordone,CN
Low luxury,CN
Lowki,CN
Lozom,CN
Lrsnine,CN
Lrufodya,CN
Lszdp-negozio,CN
LuFOX,CN
Luckkya,CN
Lucky Seven,CN
Lucky mall,CN
Luckyaa,CN
Lucstar,CN
Lukky Jewerly,CN
Luxure Fan,CN
Lydsto,CN
Lysefoss,CN
Lzellah,CN
M A S MEASEPET,CN
M MUGOOLER,CN
MACONEE,CN
MAD Supplies,CN
MAGIGO,CN
MAMA,CN
MANBA,CN
MANSIFANG,CN
MARCOLO,CN
MASTEAM,CN
MATCHA DNA,CN
MATOW,CN
MAVOCOFFEE,CN
MAXSELL,CN
MBR INDUSTRIES,CN
MCAMPAS,CN
MCJOY,CN
MCJS,CN
MCOMCE,CN
MCWGOLD,CN
MDCGFOD,CN
MEICHU,CN
MEIISEO,CN
MEIYOUJU AM,CN
MELEDEN,CN
MENGMAING,CN
MENSI,CN
MENZSODA,CN
MEROM,CN
MESOCO,CN
MFEEL,CN
MFLAMO,CN
MFTEK,CN
MG Coffee,CN
MG HOUSEWARE,CN
MGGi,CN
MIANYANG,CN
MIAO.,CN
MICHELANGELO,CN
MICOKAY,CN
MIELE,CN
MIGHTYDUTY,CN
MIGVELA,CN
MIHUNTER,CN
MIJIA,CN
MIJOYE,CN
MIKIZ,CN
MILI,CN
MILLOR,CN
MINJIE,CN
MISAZ,CN
MISM,CN
MISSJOY,CN
MIUVA,CN
MIYAJOY,CN
MKORMK,CN
MLN,CN
MMO Metallurgica Motta,CN
MNTT,CN
MOAJIE,CN
MOBJOY,CN
MOHICO,CN
MOKINGTOP,CN
MONYES,CN
MOSAIC,CN
MOSCHE,CN
MOTEM,CN
MOTTE ESSENTIALS,CN
MOVIRON,CN
MQ,CN
MQH,CN
MR. STRONG,CN
MSART,CN
MSDADA,CN
MTC,CN
MTNAO,CN
MUDOR,CN
MUFUN,CN
MUIN,CN
MUNLAIT,CN
MUZNOTE,CN
MVPower,CN
MWD,CN
MXBOLD,CN
MXHHR,CN
MXiiXM,CN
MY MIRONEY,CN
MYOYAY,CN
MZXcuin,CN
MaMix,CN
Maansfy,CN
Magesh,CN
Magic Line,CN
Magic&shell,CN
MagicEB,CN
Magicfour,CN
Magicmops,CN
Magnoloran,CN
Mai Hongda,CN
Maibet,CN
Maimuxi,CN
Major Appliances,CN
Major Brushes,CN
Makidar,CN
Mallofusa,CN
Mama Win,CN
Marada,CN
Maraehan Jackgold,CN
March,CN
MarkDee,CN
MarsPro,CN
Masione,CN
Masonda,CN
Mavis Laven,CN
MaxRona,CN
Maxdot,CN
Maxesla,CN
Maxmoral,CN
MayPal,CN
Maya Star,CN
Mayhow,CN
Mayper,CN
Mbetter,CN
McGuffey,CN
Mchuxin,CN
Meclly,CN
MeiXiang,CN
Meijunter,CN
Meilinli,CN
Meisuk,CN
Meitola,CN
Mejiao,CN
Mekomy,CN
Melon-T,CN
Meonxy,CN
MerLerner,CN
Meriton,CN
Merlinae,CN
Metal,CN
Meteou,CN
Mhorse,CN
MiaIntl,CN
MiaLover,CN
Miaowater,CN
Miaowoof,CN
Micnaron,CN
Miecux,CN
Mikikin,CN
Milkary,CN
Million Magnets,CN
Min Tech,CN
Minetom,CN
Mini Skater,CN
Mini washing machine,CN
Minions Boutique,CN
Minishion,CN
Miouldram,CN
Miracle.M,CN
Mishcdea,CN
Mismxc,CN
Miss.Silk,CN
Missism,CN
Mito,CN
Mivofun,CN
MoCaBy,CN
Mobestech,CN
Mobile Air Conditioning,CN
Moclever,CN
Modesign,CN
Mofason,CN
Molgoc,CN
Molidan,CN
Molin,CN
Monstake,CN
Moostore,CN
MorTime,CN
More In,CN
Mosoan,CN
Mossy Cabin,CN
Moteder,CN
Moticett,CN
Movincool,CN
Mowelai,CN
Mozing,CN
Mr.ZZ,CN
Mrcartool,CN
MuiSci,CN
Mummed,CN
Mundial Master Butcher,CN
Mvchif-ay,CN
Mvchifay,CN
MyLifeUNIT,CN
MySit,CN
MysReal,CN
Mytee,CN
N / C,CN
N / D,CN
N \ A,CN
N&DARIUS,CN
N&G,CN
N/ D,CN
N/A/,CN
N/B,CN
N/N,CN
N/R,CN
N/T,CN
N/V,CN
N/X,CN
N4,CN
NACTECH,CN
NAIVE BLUE,CN
NANAMI,CN
NANAOUS,CN
NANGOALA,CN
NANOVAC,CN
NAUKID,CN
NAUTOR,CN
NL,CN
NLSD,CN
NN/A,CN
NO-BRANDED,CN
NOPTEG,CN
NORTHOME,CN
NOTHER,CN
NOVETE,CN
NPIL,CN
NRMEI,CN
"NTI -- NY Thermal, Inc.",CN
NTMY,CN
NUENUN,CN
NUESILKRO,CN
NUEVEN,CN
NULIPAM,CN
NW 1776,CN
NWFashion,CN
NYC Home Design,CN
NYK Inc.,CN
N\ A,CN
N\P,CN
N\W,CN
Nadalan,CN
Naertygos,CN
Nalan,CN
Namey,CN
Naniwa Chosera,CN
Nannday,CN
Nbrand,CN
Nebulosa del Bolsillo,CN
Neccom,CN
Needzo,CN
Neijiaer,CN
NeoJoy,CN
Neu Master,CN
Neutop,CN
Neveika,CN
New York Wire,CN
Newbeed,CN
NiceFoto,CN
Nicecooker,CN
Nictemaw,CN
Nifogo,CN
Nine to Nine,CN
Ninetails,CN
Ninuo,CN
Nise,CN
Nitlovely,CN
No-Branded,CN
No-branded,CN
NoBrand,CN
Noeler,CN
Nonbrand,CN
None Branded,CN
Normal,CN
Norme,CN
North Mars,CN
Northen,CN
Norton Abrasives - St. Gobain,CN
Nothers,CN
NovoLido,CN
Now Water,CN
Nrln.kkll,CN
Nuaer,CN
Nuanchu,CN
Nubesof,CN
Nugorise,CN
Number-One,CN
Nuolate2019,CN
Nuovoware,CN
Nurch,CN
NvVn,CN
O-Mei Stars,CN
OACYWL,CN
OAMCEG,CN
OBKJJ,CN
OBUZOO,CN
OCDLIVERER,CN
OCEANLANDY,CN
OCOOKO,CN
OCOOPA,CN
OCQBI,CN
OCUBE,CN
OCYE,CN
ODA KITCHEN,CN
ODDIER,CN
ODISTAR,CN
OFMWBN,CN
OFOOR,CN
OFYDNR,CN
OGAJO,CN
OHJ,CN
OHLGT,CN
OHYES BAT,CN
OIEO,CN
OIIKI,CN
OJF,CN
OKA,CN
OKF,CN
OKUT,CN
OLEKURT,CN
OLITY,CN
OLLIVAN,CN
OLOEY,CN
OLV,CN
OLYTARU,CN
OMAIGA,CN
OMBX,CN
OMGard,CN
OMWFilter,CN
ON2NO,CN
ONCE FOR ALL,CN
ONEKISS,CN
ONELIGHT,CN
ONETEKS,CN
ONEVER,CN
ONEZILI,CN
ONUEMP,CN
ONXE,CN
OOWOLF,CN
ORFELD,CN
ORHFS,CN
ORIO,CN
ORIONE,CN
ORMENT LED LIGHTING,CN
ORZ,CN
OSGP,CN
OSLAMP,CN
OSVTNI,CN
OTHA,CN
OTPRO,CN
OUCHAN,CN
OUKELAN,CN
OULUOPU,CN
OUOLife,CN
OUTFANDIA,CN
OUTUL,CN
OVICISK,CN
OVOOR,CN
OWIWI,CN
OXOXO,CN
OZMI,CN
Oakaylif,CN
Oasser,CN
Odd Easy,CN
Odowalker,CN
Ogrmar,CN
Oh%21,CN
Ohaha,CN
Ohiyoo,CN
Olamtai,CN
Olenyer,CN
Olidik,CN
Olkheniif,CN
Omama,CN
Omikaji,CN
OmniSpecial,CN
Onyehn,CN
Ophjerg,CN
Opibtu,CN
OrangeTag,CN
Ordenado,CN
Oriental Ceramics,CN
Oriental elife,CN
Oritronic,CN
Oskinm,CN
OstWony,CN
Ostar,CN
Ostrich,CN
Oufanpu,CN
OumuEle,CN
Outset,CN
Overlord,CN
Ovyuzhen,CN
Own brand,CN
Oxbird,CN
Oxi-Clean,CN
Ozonlife,CN
P,CN
PABCK,CN
PACE Worldwide,CN
PAG,CN
PAKASEPT,CN
PAL&SAM,CN
PALART,CN
PALO,CN
PANESOR,CN
PAPOPER,CN
PARACITY,CN
PARANTA,CN
PBOX,CN
PCduoduo,CN
PCsensor,CN
PEIPENG,CN
PERFEIDY,CN
PERMINKS,CN
PFCKE,CN
PG,CN
PG PINGO MAKE,CN
PHABULS,CN
PHAT,CN
PHISINIC,CN
PHONECT,CN
PICKKROSS,CN
PIDOIM,CN
PIKRONSH,CN
PILEYK,CN
PKPOWER,CN
PLASMARGON Chanharm,CN
PLLKJ,CN
PLLP,CN
PNNUO,CN
POFUOT,CN
POINWER,CN
POKPOW,CN
POLAME,CN
POLILI,CN
POLIVIAR 7379,CN
POLYTEX,CN
PONY DANCE,CN
POODA,CN
POPETPOP,CN
POWTREE,CN
PPT,CN
PQWQP,CN
PR Jewerly,CN
PRAVETTE,CN
PRESENTE,CN
PRETTY SEE,CN
PRO MAEL,CN
PROBGC,CN
PROGLASS,CN
PROICER,CN
PROKITCHEN,CN
PROZADALAN,CN
PROZRTED,CN
PRTUKYT,CN
PRUXA,CN
PRYMAX,CN
PSBOXS,CN
PTHHPS,CN
PUBUBU,CN
PUHPIG,CN
PULINKAI,CN
PULOMI,CN
PURATEN,CN
PURENJOY,CN
PUREUP,CN
PURIMADE,CN
PURITY BABE,CN
PURKITC P,CN
PURPLECROWN,CN
PUZMUG,CN
PUiKUS,CN
PWPAM,CN
PZJ,CN
PZRT,CN
Pace,CN
Packism,CN
Padi Home,CN
PaeorRorL,CN
PafiBean,CN
Page Hodge,CN
Pagoda,CN
Pagow,CN
Paialu,CN
PalarLight,CN
Pan300,CN
Panding,CN
Pango-Tek,CN
Pantula,CN
Panxxsen,CN
Paradise Emerald,CN
Parluna,CN
Parolboha,CN
Partman,CN
Parts -US,CN
PartsZone,CN
Partstock,CN
Pasamer,CN
Passnag,CN
Pasutewel,CN
Patas Lague,CN
Patoly,CN
PcleasureCD,CN
Peacall,CN
Pearlead,CN
Pearshek,CN
Pegfix,CN
Peitten,CN
Pemoo,CN
Pena,CN
Pengrui,CN
Pensino,CN
Perpercy,CN
Perry's shop,CN
Pesonder,CN
Pet Fmissing,CN
PetOde,CN
Petask,CN
Petrichor,CN
Petyoung,CN
Peyan,CN
Philanderer,CN
Photoncat,CN
PiAEK,CN
PiPaFox,CN
PiPiBird,CN
PicklePower,CN
Pigyanting,CN
Pilida,CN
PinLife,CN
Pingong,CN
Pink Sweet,CN
Pinmu,CN
Pinshion,CN
PiscatorZone,CN
Pittaigo,CN
Podmate,CN
Pogelenda,CN
Polwer,CN
Polyflor,CN
Pongnas,CN
Poongi,CN
Popbee,CN
Popotan,CN
PowerBay,CN
PowerTrust,CN
Powtree,CN
"Practical Design Group, LLC",CN
Precise Heat,CN
Preciser,CN
Precision Culinary,CN
Primeswift,CN
Primus,CN
PrinChef,CN
Princeton,CN
Princhef,CN
Pro Barber,CN
Pro-Teker,CN
ProSteam,CN
ProaStar,CN
Proctor-Silex,CN
Prompter,CN
Protac,CN
Protewe,CN
Protmex,CN
Proumhang,CN
Puacfght,CN
Pug,CN
Pulada,CN
PureZoneA,CN
Pureking,CN
Purzest,CN
PuzFun,CN
PwrON,CN
Q QICHUANG,CN
QARFEE,CN
QBOSO,CN
QC,CN
QCHY,CN
QCSMegy,CN
QDDJYMY,CN
QDiShi,CN
QEBIDVL,CN
QEGY,CN
QERNTPEY-Home,CN
QHZHANG,CN
QIACHIP,CN
QINAN,CN
QIUJIN,CN
QJUZ,CN
QKEEDSN,CN
QLOUN,CN
QMSKI,CN
QQZ,CN
QTKJ,CN
QUBI,CN
QUEEN SENSE,CN
QUEYI,CN
QUQIYSO,CN
QUUPY,CN
QVCQ,CN
QWERTOUR,CN
QYA,CN
QYO,CN
Qc,CN
QiLi,CN
Qiaoqiao,CN
Qiaoyang,CN
Qiilu,CN
Qiilu Tool,CN
QingTeng,CN
Qisheng,CN
Qooenz,CN
Qosea,CN
Qtisky,CN
QuCrow,CN
Quanland,CN
Quanmin,CN
Quarut,CN
Queta,CN
Quickun,CN
Quilamix,CN
Quixster,CN
Quniao,CN
Quntis,CN
Quorum Lighting,CN
Qzanyee Life,CN
QzoneLife,CN
R HORSE,CN
R.G Accessories,CN
R.W.FLAME,CN
RACEUP,CN
RAGU,CN
RANZHIX,CN
RC,CN
RDEXP,CN
RDYL,CN
REAL PEAZ,CN
REELANX,CN
REGNHLIF,CN
RELIGES,CN
REPTI ZOO,CN
RETECK,CN
RIFNY,CN
RIPTEADRY,CN
RIRGI,CN
RIRPUAE,CN
RISH,CN
RIYIXUAN,CN
RLECS,CN
RLV,CN
RMAI,CN
ROBOMANN,CN
ROBOT LIFESTYLE,CN
ROCAPRAW,CN
ROFAKU,CN
ROISHER,CN
ROMTOS,CN
RONGXI,CN
ROOVON,CN
ROVACS,CN
ROYDOM,CN
RR,CN
RRE,CN
RRH,CN
RSL,CN
RSXS,CN
RT Automation,CN
RUICHUANG,CN
RUNJI,CN
RUNMIND,CN
RUNZI,CN
RUSFOL,CN
RUYAOHONG,CN
RW WITMER LLC,CN
RXBFD,CN
RXBFD Fan,CN
RXGYL,CN
RYX,CN
RZMAYIS,CN
Rainbow,CN
Rainmae,CN
Rampar,CN
Ranbem,CN
Ranjaner,CN
Rapheal,CN
Rapid,CN
Rareccy,CN
RavisingRidge,CN
Ravn,CN
Rayze,CN
RealPero,CN
RealPlus,CN
Reatolility,CN
Redcolourful,CN
Reelanx,CN
Refrigmatic Mini,CN
Refrze,CN
Regal Beloit,CN
Rekha Qing,CN
Rekome,CN
Remember your beauty,CN
Renewold,CN
Renuu,CN
Repinsta,CN
Revorit,CN
Rhastex,CN
Rieyue,CN
Rivetino,CN
Rluii,CN
Roadiress,CN
Rocaware,CN
Rolevel,CN
Rolibao,CN
Rolin Roly,CN
Rommeka,CN
Ronessy,CN
Rongre,CN
Ronvias,CN
RoofWorld,CN
Rose Abbey,CN
Rosebeading,CN
Rosvola,CN
Roucerlin,CN
Roverstarshop Auralto,CN
Royal Flag,CN
Rozi,CN
Rubbermaid Commercial,CN
Rubor,CN
Ruibo,CN
Ruikarhop,CN
Ruilida,CN
Ruioaw,CN
Rujing,CN
Runjoy,CN
Ruyeat,CN
Rveal,CN
Rxan,CN
S SUNSBELL,CN
S&A,CN
S-Union,CN
S7,CN
SAFETYON,CN
SAHAUHY,CN
SAISN,CN
SAKI,CN
SALUTUYA,CN
SAMYERLEN,CN
SANDBOX SMART,CN
SANJOIN,CN
SANSHAAC,CN
SAPBOND,CN
SARMERGE,CN
SATUOSI,CN
SAVEMORE4U18,CN
SCIJOY,CN
SCMAuto,CN
SCOZER,CN
SCS Enterprises,CN
SDOM,CN
SDW,CN
SDYXJ,CN
SEAL4QUALITY,CN
SEIYEAGUT,CN
SEN,CN
SENONE,CN
SENZER,CN
SEOYO,CN
SFN,CN
SGEF,CN
SGOE,CN
SHAALEK,CN
SHANGZHER,CN
SHARKOOO,CN
SHARRP,CN
SHENG,CN
SHERY,CN
SHEbaking,CN
SHGEEN,CN
SHINE HAI,CN
SHKI,CN
SHP-ZONE,CN
SHURFFY,CN
SHYSHY,CN
SIBAO,CN
SICAO HOUSE,CN
SICCOO,CN
SIKEMAY,CN
SIKITUT,CN
SILVERWING,CN
SIMFLAG,CN
SINGARE,CN
SIRUITON,CN
SIX FOXES,CN
SK Tech,CN
SKANWEN,CN
SKEJER,CN
SKIVTGLAMP,CN
SKONHED,CN
SLCB,CN
SLuB,CN
SMAAIR,CN
SMAKN,CN
SMARTAKE,CN
SMITTEL,CN
SMKF,CN
SMY,CN
SOHOUR HOME,CN
SOKLIT,CN
SOONFA,CN
SOOPYK,CN
SOQU,CN
SORMOR,CN
SOTECH,CN
SOUKOO,CN
SOULONG,CN
SOVONCARE,CN
SOWFLYGO,CN
SPARKOLE,CN
SPEEDYBUY,CN
SPIRIT,CN
SPM Brings The Best To You,CN
SRXES,CN
STARTWO,CN
STASUN,CN
STEADY-PAD,CN
STEINBRÜCKE,CN
STKYGOOD,CN
STMAHU,CN
STRAWBLEAG,CN
STSUNEU,CN
STTS,CN
STX LING,CN
SUAKL,CN
SUIKUI,CN
SUJIE,CN
SUMAJU,CN
SUNAI,CN
SUNANDMOON,CN
SUNGLIFE,CN
SUNKONG,CN
SUPALAK,CN
SUPER DEAL,CN
SUPERLEX,CN
SUPRBIRD,CN
SUPTEMPO,CN
SURLABA,CN
SURTOP,CN
SUSSURRO,CN
SVEWT,CN
SWDK,CN
SWETON,CN
SWTC,CN
SWZY,CN
SXWL,CN
SYBL,CN
SYOSIN,CN
SYSPERL,CN
SZ,CN
SZ-JIAHAIYU,CN
SZJJI,CN
SZSY,CN
Saengthong,CN
Saim,CN
Saiveina,CN
Sakai,CN
Sakolla,CN
Salaty,CN
Salbree,CN
SanZhi,CN
Sanada,CN
Sandia,CN
Sanew,CN
Sangcon,CN
Sanqiao,CN
Santo,CN
Sanvu,CN
SapplySource,CN
Satre Online And Marketing,CN
Sazude,CN
Sea Dog Line,CN
SecosAutoparts,CN
Seddex,CN
Sedu,CN
Sel Natural,CN
Semme,CN
Sempoda,CN
Seneca River Trading,CN
Senj,CN
Serenable,CN
Servineart,CN
Setaria Viridis,CN
Seternaly,CN
Sethruki,CN
Setpower,CN
Sevillin,CN
Shed Protector,CN
Shelina,CN
Shencai,CN
Shengwei Boyu,CN
Sheskind,CN
Sheye,CN
ShineMe,CN
ShineUs,CN
Shineny,CN
Shining lights,CN
Sholov,CN
Showvigor,CN
Shradha Trading,CN
ShuRex,CN
Shuihu,CN
Siamrose,CN
Sichen,CN
Siivton,CN
Sililids,CN
Siljoy,CN
Sindh,CN
Sinobright,CN
Sinvitron,CN
Siphoens,CN
SisDruo,CN
Sisinon,CN
SixElements,CN
Siyu Kitchen,CN
Skywalking,CN
Sloan,CN
SlowTech,CN
SmaInHand,CN
Smaani,CN
Smartime,CN
Smilatte,CN
SmoTecQ,CN
So Much Fan,CN
SoeKoa,CN
Solerconm,CN
Solpuo,CN
Somune,CN
Sondril,CN
Sonew,CN
Songhe,CN
Sooyee,CN
Soquali,CN
Sori,CN
Sorlakar,CN
Sotya,CN
Spardar,CN
Spotential,CN
Spring U.S.A.,CN
Sren,CN
Staba,CN
Stamo,CN
Stands Online,CN
Staont,CN
Star Trek,CN
Stark Star,CN
Starkong,CN
Stegodon,CN
Stellar Factory,CN
Stratus,CN
Strawberry,CN
StrengthMix,CN
Stretto,CN
Stronerliou,CN
Sttech1-Home,CN
Stylepie,CN
SuLethe,CN
Succeed Xlion,CN
SugarHouse Custom Covers,CN
Sugaroom,CN
Sugelary,CN
Suhctuptx,CN
Sumille,CN
SunRose,CN
SunSmiles,CN
SunTouch,CN
Suncanri,CN
Suninhome,CN
Sunmile,CN
Sunny Lisa,CN
Sunny Town,CN
Sunnyglade Air Conditioner Cover,CN
Sunsmiles,CN
Sunvivi,CN
Sunway,CN
Supabear,CN
Super Air,CN
Super Leader,CN
Superbcco,CN
Suphomie,CN
Supplylink,CN
Suripow,CN
Surpass Oct,CN
Sutakhi,CN
Suteck,CN
Svance,CN
Svta,CN
Swidan,CN
SwiftFinder,CN
Swpeet,CN
Sxuan,CN
Syba,CN
Syfrufo,CN
Sygile,CN
Syntus,CN
Szsrcywd,CN
T TENDTOP,CN
T-CAT,CN
T-magitic,CN
T-melove,CN
T4U,CN
TAB,CN
TACY,CN
TAIDEA,CN
TAILI,CN
TAKEGO,CN
TAKSON,CN
TALLDU,CN
TBRAND,CN
TBoxBo,CN
TC-JUNESUN,CN
TDCQQGQQ,CN
TECBOT,CN
TEKHOME,CN
TEMUCY,CN
TENKEY,CN
TEQQO,CN
TERPOMETER,CN
TERWOK,CN
TESECU,CN
"TG,LLC",CN
THEAKO,CN
THOU DOST,CN
THRITOP,CN
TIANYUAN,CN
TIMCANPY,CN
TIMEMORE,CN
TIMIVO,CN
TINTON LIFE,CN
TISHIJIE,CN
TISOU,CN
TITAR,CN
TKONG,CN
TKW,CN
TLK,CN
TMKEFFC,CN
TN TONNY,CN
TNO,CN
TOBUSA,CN
TOBWOLF,CN
TOGETOP,CN
TOMYEUS,CN
TOMZEGNA,CN
TOOCAT,CN
TOOLFLIFE,CN
TOOPONE,CN
TOOYU,CN
TOP,CN
TOP DOG,CN
TOPARTS,CN
TOPKITCH,CN
TOPQSC,CN
TOPROAD,CN
TOPSEM,CN
TOPTEAM,CN
TOPWELL,CN
TOPWIT,CN
TOPZONE,CN
TORASO,CN
TOTOJOY,CN
TOTOT,CN
TOTQX,CN
TOTWAY,CN
TOWER,CN
TOYANDONA,CN
TOYOUN,CN
TPD,CN
TPDL,CN
TPSKY,CN
TREKOO,CN
TRUSTWORTHY,CN
TSDS,CN
TSKLooy,CN
TTAototech,CN
TUFEN,CN
TUMIDY,CN
TUNFOU,CN
TUO,CN
TX,CN
TYHJOY,CN
TYYU,CN
Tabiger,CN
Tadge Goods,CN
Taidda-,CN
Taishower,CN
Taiss,CN
Tamong,CN
Tance Tech,CN
TangN,CN
Tangkula,CN
Tangxi,CN
Tanlee,CN
Tarp Nation,CN
TastLi,CN
TastyHome,CN
Taufey,CN
Tbattplus,CN
Tbrand,CN
Tebery,CN
Tecenugiz,CN
Tecesy,CN
Techflex,CN
Techomey,CN
Techypro,CN
Teerwere-ytj,CN
Telituny,CN
Temede,CN
Temfanic,CN
TenMore,CN
TeqHome,CN
Tesinll,CN
Tesoky,CN
Tesvor,CN
Tevigo,CN
Thalia 80,CN
Thanger,CN
Thosolth,CN
Three Sky,CN
TiToeKi,CN
Tian Lan,CN
TianJue,CN
TianNorth,CN
Ticsor,CN
Tihebeyan,CN
Tiiny,CN
TikooTik,CN
Timilge,CN
Timmenis,CN
Timpou,CN
Tingkam,CN
Tingtio,CN
Tkala Fashion,CN
Tlever1,CN
To encounter,CN
Toddmomy,CN
TodoChurros,CN
Tofern,CN
Tohsssik,CN
Tolhoom,CN
Tomahawk,CN
Tomer,CN
Tomersun,CN
Tonmi,CN
TookMag,CN
Tookie,CN
Toolcool,CN
Tooluck,CN
Top Taste,CN
Topoton,CN
Topspeeder,CN
Topuality,CN
Tosuny,CN
Totally Kitchen,CN
Toycol,CN
TriPole,CN
TrianglePatt,CN
Triblewant,CN
Trighteach,CN
Trophy Air,CN
Tropicalfan,CN
Trospow,CN
Trycooling,CN
Tub,CN
Tubenatural,CN
Tueddur,CN
Tulardom,CN
Tulas,CN
Tulead,CN
Tupwaid,CN
Turbokey,CN
Turewin,CN
Turpow,CN
Tvoj poklon,CN
Twinkle Bay,CN
Twotoo,CN
U UBEGOOD,CN
U-N,CN
U-miss,CN
U/C,CN
UAMME,CN
UBay,CN
UCEC,CN
UDOIT,CN
UFelice,CN
UHOOP,CN
ULEUKMNO,CN
UN UNITEDTIME,CN
UNCTAD,CN
UNEEDE,CN
UNICEU,CN
UNITED STATES HDW/U S HA,CN
UNITEDLUX,CN
UNKNO,CN
UNUN,CN
UNVOI,CN
UNiUS,CN
UODBUYO,CN
UP100%C2%AE,CN
UPEOR,CN
UPFOX,CN
UPSTORE,CN
UPTRUST,CN
UPUNER,CN
URPOWER,CN
USB camp fan,CN
USChoice,CN
USSJ,CN
USonline911,CN
UVCE,CN
UXELY,CN
UZOU,CN
Ufresh,CN
Uhada,CN
Ukissim,CN
Umcho,CN
Umist,CN
Umootek,CN
Uniox,CN
UniqueFire,CN
Unite Stone,CN
United Gene,CN
United Generation,CN
Universal,CN
Unizvke,CN
Unkno,CN
UooEA,CN
Updesign,CN
Upgradelights,CN
Use for Pitco Fryer,CN
Usin,CN
Uwariloy,CN
V BESTLIFE,CN
V-EWIGE,CN
V-chop,CN
V2 Co.Ltd,CN
VACFIT,CN
VALWORD,CN
VANON,CN
VANSU,CN
VANTTECH,CN
VANVENE,CN
VANZO,CN
VARSK,CN
VAUNO,CN
VBENLEM,CN
VEABEST,CN
VEAZOR,CN
VEHHE,CN
VEOAY,CN
VGEBY,CN
VICALINA,CN
VICOOL,CN
VIEWKA,CN
VIIMI,CN
VIKKA,CN
VILIVIT,CN
VINIDA,CN
VIPIH,CN
VIPMOON,CN
VITAMER,CN
VITASUNHOW,CN
VITAVELAAA,CN
VIVI SKY,CN
VKPLITE,CN
VMKLY,CN
VOCCVIEN,CN
VOGOUS,CN
VOKUA,CN
VOLADOR,CN
VOLKNINKER,CN
VOLUEX,CN
VORCOOL,CN
VOSAREA,CN
VOSDANS,CN
VOSEN,CN
VPABES,CN
VQVG,CN
VSADEY,CN
VTWTV,CN
VUYBVY,CN
VVU&CCO,CN
VVinRC,CN
Vacuo,CN
Valchoose,CN
Valgus,CN
Valley,CN
ValueCafe,CN
Valuu,CN
VanSmaGo,CN
Vankcp,CN
Vannise,CN
Vantige,CN
Vanujoy,CN
Varivalve,CN
Vaxaape,CN
Vchiming,CN
Vdovrum,CN
Vemico,CN
Vency,CN
Ventev / TerraWave,CN
Venyat,CN
Veryrich,CN
VesipaFly,CN
Veteble,CN
Veterger,CN
Vewitcher,CN
Viajero,CN
Viiwuu,CN
Vimukun,CN
VinTV,CN
Vinabty,CN
Vincool,CN
Vine,CN
Vingi,CN
Vinkstar,CN
Vis,CN
Visther,CN
Viva Scandinavia,CN
VividPaw,CN
Vlemua,CN
Vobor,CN
Vodche,CN
VolksRose,CN
Voluker,CN
Vondior,CN
Voorpret,CN
Vovoly,CN
Vpment,CN
WADEO,CN
WALBILI,CN
WALTEND,CN
WANAI,CN
WANGGO,CN
WANS33 Direct,CN
WAQIA,CN
WARM& FAM,CN
WAROOM,CN
WASING,CN
WAXAW,CN
WDLAND,CN
WDNMD,CN
WDP,CN
WE%26ZHE,CN
WECLEAN,CN
WEIFAN,CN
WELIFYA,CN
WELLIN,CN
WEMOSI,CN
WENEGG,CN
WENTS,CN
WERISE,CN
WERTYG,CN
WHITE TIGER,CN
WHUTR-LL,CN
WHX,CN
WIEKURT,CN
WILLBOND,CN
WIMY,CN
WINGBO,CN
WINOMO,CN
WIYI,CN
WJ,CN
WJMLS,CN
WLKQ,CN
WNMC,CN
WOIWO,CN
WOLMIK,CN
WONOOS,CN
WOOPOWER,CN
WOSHI,CN
WOWDSGN,CN
WOWGO,CN
WOWGOGO,CN
WOWKU,CN
WOWOHE,CN
WOZUIMEI,CN
WPF,CN
WSC,CN
WSDCN.COM,CN
WSDMAVIS,CN
WTYPICS,CN
WUKESI,CN
WWFF,CN
WWSS,CN
WXJ13,CN
WXL,CN
WY-BSO,CN
WYD,CN
Wailicop,CN
Wakana,CN
Wal front,CN
Walfront mimoday,CN
Wallakaa,CN
Wanbasion,CN
Wancle,CN
Wantis,CN
Wanty,CN
Warm Family,CN
Warrior Strong Wellness,CN
Waterdrop,CN
Watou.asia,CN
Watts Water Technologies,CN
Wavel,CN
Wayilea,CN
WeCharger,CN
WeChoicing,CN
WeHome,CN
Weceleh,CN
Weewooday,CN
WeiFresh,CN
Weiworld,CN
Wellbuy,CN
Welltop,CN
Wemordu,CN
Wenini,CN
Wenlian,CN
Wera,CN
Wesoky,CN
Wewell,CN
Whaline,CN
Wheanen,CN
Whitelotous,CN
WiYA,CN
Wiibooxsweetin,CN
Wiitek,CN
Willsence,CN
Willsensun,CN
WinHill,CN
Winallc,CN
Windki,CN
Windspeed,CN
Winmany,CN
Wintact,CN
Winte,CN
Wisdompark,CN
Wisorder,CN
Wiyos,CN
Wlretmci,CN
Woais,CN
Woder,CN
Woeoe,CN
Wohenmang,CN
Wollet,CN
Wonder Home Gardens - WHG,CN
Wood Designs,CN
Wopulite,CN
Worii,CN
Woriil,CN
Wosune,CN
Wowfeel,CN
Woxla,CN
Wraith of East,CN
Wrth,CN
Wtiaw,CN
Wuffove,CN
Wuvee,CN
Wxvimi,CN
X clouds Electrical,CN
X&H,CN
X&Y,CN
X-HOME,CN
X-Harmo,CN
X-R-SPORT,CN
XANAD,CN
XANADU,CN
XBDUS,CN
XBUTY,CN
XCCYG,CN
XCSOURCE,CN
XDS,CN
XENOCAM,CN
XGCF,CN
XGOGOP,CN
XIAMIMI,CN
XIAOCAI,CN
XIAOMIAO,CN
XIAOYU,CN
XIAQING,CN
XIBLISS,CN
XICLASS,CN
XIDIAOYE,CN
XIGOO,CN
XIJIANG,CN
XINBAOHONG,CN
XINGFENSIFNE,CN
XINLONG,CN
XINRUI,CN
XINTONG88,CN
XINYAO,CN
XINYIYUAN,CN
XIRGS,CN
XIYUAN,CN
XIYUN,CN
XKWL,CN
XLANJINGJ,CN
XLnuln,CN
XM,CN
XMCOSOCS,CN
XMX,CN
XNMOA,CN
XPNAQI,CN
XQbag,CN
XSYQSNX,CN
XUANLUO,CN
XUNDA,CN
XXDEAL,CN
XYG,CN
XYJ,CN
XYT-TECH,CN
XYY,CN
XZSUN,CN
Xfuguir,CN
Xhaus,CN
Xhope,CN
Xhuibop,CN
Xiaoyztan,CN
Xiaqing,CN
Xihong,CN
Xindejia,CN
XingKunBMshop,CN
Xingu,CN
Xingyuan,CN
Xinzi,CN
Xming,CN
Xsourcer,CN
XuanYue,CN
Xuluo,CN
Y%26J,CN
YAAO,CN
YACPIA HUB,CN
YAGU,CN
YAKARIO,CN
YANCAI,CN
YANTU,CN
YAOJING,CN
YBB,CN
YBEK,CN
YBINYNA,CN
YBS,CN
YC-WR55X10025,CN
YCWIWO,CN
YEAHPY,CN
YEELED Light,CN
YEHANLY,CN
YELAIYEHAO,CN
YEMXAM,CN
YESBAY,CN
YEZZZZ,CN
YHB,CN
YICHUMY,CN
YICOCHI,CN
YIIFEEO,CN
YIJUHOU,CN
YIKA,CN
YILIKISS,CN
YIMAI,CN
YINDA,CN
YING QI,CN
YINGA MOREFUN,CN
YINGZEN,CN
YINTZ,CN
YINUO,CN
YISEMEYA,CN
YISHIYI,CN
YISUN,CN
YITAQI,CN
YIWAN,CN
YIWINIAID,CN
YIXIAN,CN
YJCloud,CN
YJHome,CN
YJINGRUI,CN
YJLWE,CN
YJY Shop,CN
YKS,CN
YKSINX,CN
YLDEE,CN
YLEI,CN
YM26,CN
YMHYJY,CN
YND,CN
YOEDAF,CN
YOETLY,CN
YOFAN,CN
YOG,CN
YOGINGO,CN
YOHOTA,CN
YOKIND,CN
YOMBAND,CN
YONGGANG,CN
YOROZUCERY,CN
YOSH,CN
YOTOKEER,CN
YOUKE Lighting,CN
YOUR,CN
YOURS,CN
YQL,CN
YQMAJIM,CN
YQY,CN
YRYM HT,CN
YSMNDE,CN
YTCYKJ,CN
YTE,CN
YTMYAN,CN
YTPowerPal,CN
YUAN,CN
YUBODA,CN
YUCHENX,CN
YUELAN,CN
YUET,CN
YUEWO,CN
YUFFUN,CN
YUHX,CN
YUIO,CN
YUJIU,CN
YUKIO,CN
YUMEIA,CN
YUNBO,CN
YUOY,CN
YUSIDO,CN
YUUVE,CN
YUYUE,CN
YWILLINK,CN
YWMXDZ,CN
YXQQ,CN
YXT,CN
YYEHON,CN
YYHOUS,CN
YYJ HOME,CN
YYOOMI,CN
YYSU,CN
YYaaloa,CN
YZJJ,CN
Yabcany,CN
Yabelle,CN
Yabife,CN
Yaltoon,CN
Yanike,CN
Yardwe,CN
Yatuela,CN
Ycall,CN
Ycc ice,CN
YeeBeny,CN
Yeebline,CN
Yeetec,CN
Yeparie,CN
Yeslike,CN
Yesorno,CN
YiCutte,CN
YiLi,CN
YiYuanG,CN
Yibuy,CN
Yikor,CN
Yilong,CN
Yinhing,CN
Yinoinge,CN
Yivandi,CN
Yizeda,CN
Ymkf Sqqr,CN
Yobenki,CN
Yocada,CN
Yocu,CN
Yoego,CN
Yoiilnz,CN
Yongfer,CN
Yoobure,CN
Yooha,CN
Yoshihiro,CN
YouGottaIt,CN
YouU,CN
Youlian2802,CN
Your,CN
YouyunQi,CN
Yozone,CN
Yrzper,CN
Ysmlife,CN
Ytbeauti,CN
YuBoF,CN
YuFek,CN
"YuJiu,Light",CN
YuanWen,CN
Yuede,CN
Yuhappy,CN
YujungE,CN
YumAssist,CN
Yunhany Direct,CN
Yutuoo,CN
Yuty,CN
Yvjnxxan,CN
Yzger,CN
Z&Xin,CN
Z-Hawvii,CN
ZAHNG,CN
ZAHRVIA,CN
ZAKORA,CN
ZANFUN,CN
ZAOYI,CN
ZATIKAP,CN
ZC GEL,CN
ZCM,CN
ZEENEEK,CN
ZENCORE,CN
ZENGSHI LIFE MUSEUM,CN
ZENUTA,CN
ZEONHAK,CN
ZEONHEI,CN
ZEWAY,CN
ZFLXH,CN
ZGOOD,CN
ZHANGZ0,CN
ZHAOCARQ,CN
ZHAOL,CN
ZHENFAN,CN
ZHENGMING,CN
ZHENXIN,CN
ZHINAN,CN
ZHOUZIMO,CN
ZHUANYIYI,CN
ZHUFON,CN
ZHUOEN,CN
ZILINK,CN
ZIOTI,CN
ZIRXISN,CN
ZIXUAN,CN
ZIYIXIN,CN
ZJHT,CN
ZJX1111,CN
ZKer,CN
ZLS,CN
ZLY,CN
ZNCMRR,CN
ZOCALOK,CN
ZOEMI,CN
ZOEYEA,CN
ZOMMAPRO,CN
ZOOL,CN
ZOU,CN
ZOUREMART,CN
ZOUYO,CN
ZOZIKASER,CN
ZPH,CN
ZRB,CN
ZRM&E,CN
ZSHIKJ,CN
ZSOUUI,CN
ZSPENG,CN
ZTTOPO,CN
ZUCI,CN
ZUKIBO,CN
ZUOZUOYA,CN
ZWXC,CN
ZXIRANYUN,CN
ZXK,CN
ZXW,CN
ZYL,CN
Zahooy,CN
Zalava,CN
Zalaxy,CN
Zaldita,CN
Zdj,CN
Zebbyee,CN
Zerdie,CN
Zerodis Best Goods For You,CN
Zeta,CN
Zhanmai,CN
Zhaoyun,CN
ZhenT,CN
Zhiwen,CN
"Zhongshan Liyuan Trading Co.,Ltd",CN
Zhovee,CN
Zidiao,CN
Zing,CN
Zing O,CN
Zingoetrie,CN
Ziqi,CN
Ziyoot,CN
ZkeeShop,CN
Zogoodly,CN
Zonsk,CN
Zoohao,CN
Zoombie Novelties,CN
Zopsc,CN
ZouYee,CN
Zouminy,CN
Zroden,CN
Zttopo,CN
Zuccie,CN
Zuikn,CN
Zuou,CN
Zupora,CN
Zuvas,CN
Zwinvle,CN
aCompatible,CN
abid,CN
aifeier,CN
air#,CN
alkcam,CN
ank-ky,CN
ap airpleasure,CN
aponts,CN
askilt,CN
babaka,CN
ban.do,CN
banapo,CN
bazzeff,CN
beduan,CN
beiside,CN
binfrog,CN
biuonga,CN
bizofft,CN
bnowi,CN
colorsmoon,CN
control future,CN
coollife,CN
ctc connexions,CN
cutewarehouse,CN
dadop,CN
dandan,CN
datonten,CN
decoo,CN
dilake,CN
dioyano,CN
discoGoods,CN
dodowin,CN
doginthehole,CN
dream of a sale,CN
duojin,CN
eSeedy,CN
ear%26ear,CN
ecoolink,CN
eeoo,CN
elegantmedical,CN
elegantshop,CN
elezon,CN
eoocvt,CN
esowemsn,CN
eufy,CN
exreizst,CN
feijideng,CN
feijilight,CN
fengdu,CN
gaiatop,CN
geekboy,CN
gkcity,CN
gootrades,CN
graffitimaster,CN
gstgp,CN
guofa,CN
habibee,CN
habing,CN
haoyehome,CN
haraqi,CN
heibond,CN
hieagle,CN
himaly,CN
homeasy,CN
homxhandy,CN
honitur,CN
hotzzz,CN
house beautiful,CN
hugood,CN
huiqixian,CN
i-Bateria,CN
iClosam,CN
iCoostor,CN
iDogin,CN
iFJF,CN
iKKEGOL,CN
iKustar,CN
iMartine,CN
iTechlife,CN
iWhale,CN
ibaye,CN
iboodihouse,CN
iksnail,CN
illumination EVER,CN
infocal,CN
infray,CN
inktells,CN
irtree,CN
isuotuo,CN
jasdel,CN
jiangxiu,CN
jiaonun,CN
jingobell,CN
jinrio,CN
joyMerit,CN
joymixman,CN
jun,CN
jxgzyy,CN
kafear,CN
kamoso,CN
kcc,CN
kennifer,CN
kewang,CN
khime,CN
kitchen monster,CN
kitchentoolz,CN
kognita,CN
koodee,CN
kucoolou,CN
kuki-fun,CN
kuyiuif,CN
lambery,CN
langweixiong,CN
lasdolod,CN
lawind,CN
lawrencewang68,CN
ldab,CN
lepsoo,CN
muson,CN
mwellewm,CN
mycheng,CN
nakido,CN
nalax,CN
navmen,CN
neabot,CN
neutop,CN
newbrands,CN
newoer,CN
nicame,CN
nicything,CN
nobranded,CN
nodlld,CN
nohave,CN
none branded,CN
nvaimaay,CN
od-sport,CN
oenbopo,CN
ogeee,CN
ohderii,CN
okdeals,CN
onlineseal,CN
oojdzoo,CN
ornerx,CN
oulin's,CN
owlyee,CN
pasapair,CN
saizone,CN
salamra,CN
samiadat,CN
samisoler,CN
sazoley,CN
seayoo,CN
seekermaker,CN
shiji,CN
vimi,CN
viniper,CN
vipolish,CN
vivi min,CN
vkbuou,CN
vplus,CN
