MerchantID,country_merchant_octo
A038338732HYPKP7IJ7WB,CN
A1007A8AZY9GGN,CN
A100QQQVI890BY,CN
A102SN2OZU6M4V,CN
A1057FBD44ECMO,CN
A105I9GWG58G8L,CN
A10JKL2GY9LQFZ,CN
A10KT5RNOXHXVF,CN
A10M6PK1PFW0TM,CN
A10N931BGVXTX2,CN
A10NKHTJKIO9MU,CN
A10V9W8DYNUSWI,CN
A1197N1KW7CNMQ,CN
A11AK9JWBKY708,CN
A11FZXK5IG765W,CN
A11IIYMZXT635I,CN
A11KXSJCRJCET4,CN
A11ML6KGIYV52C,CN
A11O4ZQ8R1S7T3,CN
A12BYDUYOSU6VI,CN
A12D3RWJBYUVN3,CN
A12E42L0SB4YXR,CN
A12F8YIIQXWLDG,CN
A12FHTB6266VRF,CN
A12FW6J21NWGSG,CN
A12KJESHZQHB3Q,CN
A12L8P90XRM9UJ,CN
A12LNKN2ZRAMVW,CN
A12LTX2JKGBLXS,CN
A130ZNXNKBP5PF,CN
A1314J2UDOTMT0,CN
A132QVNCJWG02P,CN
A134B5IN5OFQMT,CN
A134HN4EHBD51B,CN
A138DCIP8XH7SK,CN
A1391X29BHHY7Y,CN
A13982NRWS7PC8,CN
A13BB76O6SJF2U,CN
A13BNJD2TPEJMY,CN
A13CWE8X0EEPMK,CN
A13GGF3VKVFGBN,CN
A13IJBG6XFKA6F,CN
A13MN78283YUQL,CN
A13PAZ3QD8T4XJ,CN
A13QNL7QCQT8IL,CN
A13QZ140ICQ02F,CN
A13RBN1VLSCS9B,CN
A146NQGBZHNAE1,CN
A1471SMFWDBZQY,CN
A1477IQL6KMIVB,CN
A14CD6HQ9GMJII,CN
A14DZMNNLWG1RZ,CN
A14EVNB0WNRHPI,CN
A14G2BHN33YHAP,CN
A14J9JGH9RZDKJ,CN
A157BUJC1ATZ4E,CN
A157Q3P9OU8ICQ,CN
A15AVWFOAGZRY2,CN
A15BLKMDILUJJB,CN
A15JJ3TUQCJM7I,CN
A15LBDRFLYIEE9,CN
A15M1XJNJAS9KX,CN
A15M1XYDM2FGOE,CN
A15M4ITLND4OWO,CN
A15NC9EJ7DVBBO,CN
A15NJJSO61D4IC,CN
A15NYFZL5TUARR,CN
A15RNGGE55HFQW,CN
A15UVRWDN5GR9Q,CN
A15V5RXSC8QLZQ,CN
A162KZ4EYO2CF8,CN
A1670YDTIVX4PX,CN
A1699MO2AX4W8E,CN
A16BEMQW4JT1LL,CN
A16C1Q57T6EBYT,CN
A16CTCHY3DIH9N,CN
A16MK6ZDJE26WK,CN
A16O3FEKUNRDJX,CN
A16PZ0RP8D64T1,CN
A16TMW0KPSL33M,CN
A16Y44G21SEDB0,CN
A16Y7ZW00HJ5BB,CN
A172WUBY31CQM8,CN
A173YUBQ6SJU5T,CN
A1751V8LXB5DIJ,CN
A176X3UJC9Y5I7,CN
A1788FN2720FMC,CN
A17IYRXV3DC5EP,CN
A17SKTKUSL6958,CN
A17SLU9R7BCPZZ,CN
A17WV6Z686SNEE,CN
A17X9ST42P802G,CN
A1814W4Y8E8PGA,CN
A181IL544YAEGT,CN
A183Q7XQ4OID7Q,CN
A18578843B89KC,CN
A185DDAAYJLV7Z,CN
A186KTULPFTE0W,CN
A187NT87WKQBIU,CN
A18A8T82QLVUKR,CN
A18HOR3JP7IM95,CN
A18HUQBODVU4NA,CN
A18NWHP4JX0IEG,CN
A1914HNL4POH2K,CN
A191OPD4QHM11N,CN
A191RHH7JI1QNE,CN
A192KSMSPNQ936,CN
A197YPAPAP8V04,CN
A198PO5P3DBFIW,CN
A19JSFUX1AIAHV,CN
A19SO46A6CC9XU,CN
A19WP4Y8Z4L65F,CN
A19XSHZLTFFYY1,CN
A19XZ13CS3FQ0L,CN
A19YSZ6CSLV5QG,CN
A1A2IFMUH5Y33S,CN
A1A3D0KSZY3OOV,CN
A1A45ONT5IQGH8,CN
A1A8S8UFV9R4GT,CN
A1A948LL65OYV3,CN
A1AIVVC3N5QI7R,CN
A1AL9F30KHSXTO,CN
A1B55HYGYP9YYB,CN
A1CI71TZIKZR5C,CN
A1DPO2I1QZD85Z,CN
A1DUE4W9EII3X,CN
A1DWGFVEB6IDQT,CN
A1DWLG2LHSJB8R,CN
A1DXS42D6HYVVT,CN
A1DXWPTLWBGMUF,CN
A1DZZV5RC8M34S,CN
A1E19ZZQ6IF6IF,CN
A1E2N5HJ013USV,CN
A1E4SSQHB8Y1EX,CN
A1E6PYIKQX0L30,CN
A1E7J3V35QK5Q,CN
A1E8WJEDOSR4OI,CN
A1EKUHNT5SEM4H,CN
A1EZP0RSHC4CPF,CN
A1FXE4JAILQHT1,CN
A1G0Y4GC8HLPGY,CN
A1GAPLM0LU8AOQ,CN
A1GDZZ597K5NCG,CN
A1GEG0U847QQWQ,CN
A1GEW4OZB1E9Z7,CN
A1GO9UVQ5UPH2W,CN
A1GRVFN2603R2L,CN
A1HJ0W3I48WCKN,CN
A1HJXZZ6PVIMW,CN
A1HKOE8KXH29N1,CN
A1HPW80ABGR63M,CN
A1HRXUQ4AHAXO6,CN
A1I73TXASCB94R,CN
A1I8NWONJA3T2,CN
A1IAQPDDMG6XRJ,CN
A1IB2C38744OO1,CN
A1IC1EZ998VCOU,CN
A1IERRLNA61YCI,CN
A1ION710M7DLL9,CN
A1IOTNUN7QXMNB,CN
A1IW80KRM5A2IG,CN
A1JRUV5LNLJLG1,CN
A1K3HE78OSBSGT,CN
A1KD2629PKGDFX,CN
A1KGS189XEJCML,CN
A1LS3ZR53YGJF4,CN
A1LSZ9974WMOL3,CN
A1LTLKXGAG3OML,CN
A1LTPWKGQH4CZ8,CN
A1LUK13GG4U82Q,CN
A1M03NNKBM1STQ,CN
A1M32XTBX02UOM,CN
A1MLA1VY3LJOON,CN
A1MOC9AFEDRHDB,CN
A1MPTY35S4S8YW,CN
A1MRAL0JKSG5Z1,CN
A1MRIPPUYWYHYQ,CN
A1MTJH4BWJQI9S,CN
A1MXZO8E10XAR,CN
A1N4GB5XZDBVB3,CN
A1N6OV8QN040S5,CN
A1N8UV338U5L41,CN
A1NZ26Z4X8Q7KT,CN
A1NZ5HVWI2QX6I,CN
A1O2UMU2OJV8H7,CN
A1O8WHTQRICCZB,CN
A1OAE621SUHTP8,CN
A1OB5FQUW2U8HZ,CN
A1OCDMZJOK7OOR,CN
A1OCZ4LYALHBXE,CN
A1OF20DI10M6VC,CN
A1OHVXUCJ5JWBQ,CN
A1OLWLGZDM2EZA,CN
A1P27VVRE6T0A4,CN
A1PINXK03F8WZO,CN
A1PIQK5DK2OSU8,CN
A1PIXBAUF7N6CD,CN
A1PQ66J882YM3A,CN
A1PQET6BJ5IMJ8,CN
A1PTZPIGBSZWD0,CN
A1PWSM1PBKDC4J,CN
A1PYTOV9WSC7LG,CN
A1Q0ZO4B203AQS,CN
A1Q6IUERG5P4RK,CN
A1Q7ECDLH6W7CR,CN
A1QVADQF6X1TFA,CN
A1R01QK76JO96E,CN
A1R0JKL2G4YKFZ,CN
A1R2BCJZFYCA30,CN
A1RFFS3XEG0KIU,CN
A1RUKT213FE6EA,CN
A1RVN7U0EQUQ7J,CN
A1RXNZT4AK0KHN,CN
A1S303L6RF2VWZ,CN
A1S7JL207RRMJ5,CN
A1S7TMNBZKJOJ1,CN
A1SBPJH7FP5VMP,CN
A1SJDG1E7FOM12,CN
A1SLNXKIJOGKRC,CN
A1SRGNA6XSK263,CN
A1SUHEQP50VFIB,CN
A1SUYGJVI945VO,CN
A1SXCIP793AJKU,CN
A1T08LDS1RYYUH,CN
A1T26NNOYWXTS1,CN
A1T5UFUP5XY2B5,CN
A1T7E7OQ129U0S,CN
A1T7TKL2IU5HS,CN
A1T9SH7L2TQ64S,CN
A1TBO7AH1TIA3O,CN
A1TCL4F2YWP9WJ,CN
A1TCMJWLX7CFNO,CN
A1TGJTLQBFP394,CN
A1TI5WE5UT6Z57,CN
A1TOOZQZ404YUP,CN
A1TQ4HFEOXCIPI,CN
A1TQYU2YEQ1VHJ,CN
A1TV6M4IB2CHOO,CN
A1TWK6B20NPDIF,CN
A1TZLAZZXMEUJC,CN
A1U07597KZDDRJ,CN
A1U8TU286O85H1,CN
A1U8XAQVSI4E8W,CN
A1UAJML0KBOWMF,CN
A1UJSSDFSAN1ZJ,CN
A1ULQJL1PP712K,CN
A1ULXYSQW41TSS,CN
A1UM59KM42MCWF,CN
A1UMNAEOI7SZ0X,CN
A1UOU0SDJRPQ97,CN
A1UT77L23QMFJY,CN
A1UVQA6CMDVQIL,CN
A1V4MO3N91EGD6,CN
A1V576E7TF1I81,CN
A1V70EZ9QM0Y3Q,CN
A1V7IBZ7WDBGOC,CN
A1VABLKBHHHXUP,CN
A1VAN8WGJ94UQE,CN
A1VCHGGX2L03AB,CN
A1VE707YF502TV,CN
A1VEGI3S56KQPR,CN
A1VFES6AAGZ5KL,CN
A1VJGBCBHBZESR,CN
A1VLEESGN17M7Q,CN
A1VN8F6JANT46C,CN
A1VOE71XM8UUQJ,CN
A1VWYJN3V14VM7,CN
A1VXDNJ7ZTI4RL,CN
A1VYQ3ARU1PBIF,CN
A1VZ2ZS23RMWX5,CN
A1W0SY4Y0CU23T,CN
A1W2ZSK7YW149L,CN
A1W6E6R69MAHC2,CN
A1W8JVF9HODC6V,CN
A1W90SC6I6HUBT,CN
A1W9HI7S1OT36R,CN
A1WB2YC1ZXJ4N7,CN
A1WCZB04EF3KBG,CN
A1WDYNJ47TKE0X,CN
A1WF5PLAB10LN6,CN
A1WFRH3FH8Y6OJ,CN
A1WGIMYLAEOC01,CN
A1WIQN5L5DI2JS,CN
A1WKL2GXRPQJQE,CN
A1WP3F0TFKVR8K,CN
A1WPJ837R72MKX,CN
A1WQGMD0P8CNAC,CN
A1WVFS96M823W0,CN
A1WY6UMWKS8PMY,CN
A1X1P9IZ0SH1NH,CN
A1X4TAALIL1KDJ,CN
A1X8QI7EH310KA,CN
A1XAMF8MJHDBMF,CN
A1XCG8RUXUZQ5B,CN
A1XCRCK9CBBFGJ,CN
A1XD546Q4Q7OWQ,CN
A1XE0GHG2NTMR3,CN
A1XIIJ0P14U1Q0,CN
A1XIMGPCZNKKTS,CN
A1XIXAT85KO7YY,CN
A1XMTXS2Y6NPF,CN
A1XMVFHHSFXWHC,CN
A1XMY19YS5MVIZ,CN
A1XPU2AQEQJKFN,CN
A1XQJP3JHDZ8VV,CN
A1XQKWKBL8D9S9,CN
A1Y08GA5WKQQCL,CN
A1Y1VE81F6UU0S,CN
A1Y449KZCZJWWJ,CN
A1Y53ZXTKYXNIW,CN
A1Y6KF0GZNTBSK,CN
A1Y8WYBB2SQWJQ,CN
A1Y9IHUXSL1SGK,CN
A1YCSCFB85BQTY,CN
A1YJSETGOAVB4I,CN
A1YM29HQFK6FFZ,CN
A1YR1ZGITYYW6J,CN
A1YRHWN2K4VTWW,CN
A1YT7KZ36WSKRA,CN
A1YU5GT3B4HWHJ,CN
A1YUZE87LY6U5W,CN
A1YVJRIRKY06D3,CN
A1YWFW3JK1N77N,CN
A1YX2Z3LLHK2Z9,CN
A1YXBOTOK8C2EM,CN
A1Z241G04H12YU,CN
A1Z39ZO8SZQQ9T,CN
A1ZA941W3H7PDE,CN
A1ZAAC12CQSW4F,CN
A1ZGCLKKOU4JW5,CN
A1ZHSCQNAC4PRT,CN
A1ZRRZVJR8SE55,CN
A1ZS0R4YE7AG81,CN
A2016ILZZAJPXN,CN
A205BP5Y9XN6UP,CN
A206GWXUI7YGGE,CN
A207CSNJFD5NQS,CN
A20IYEY147M79I,CN
A20NGFRM6WQ2AB,CN
A20OWXNJ16DONG,CN
A20RGDLD3I0C4,CN
A20SRWDV6PSUBS,CN
A20X51SCHY4OG9,CN
A20ZTMKYJ8VU11,CN
A212V0UWU8YHX2,CN
A2168S2K9I6E1W,CN
A216N8EUCB1QHZ,CN
A217O38O6ZZO19,CN
A217WTBJHCTFRE,CN
A219KS2WIFI64B,CN
A21ADYI6HPV4OL,CN
A21BBD8IPHLBZ,CN
A21F9KBNUKR8LM,CN
A21G6G4III5YU2,CN
A21GQ91GU777EC,CN
A21LA0F2C0KGL,CN
A21LKFK364AIC7,CN
A21SXUL2Z62X1W,CN
A21YY7W4PKC23W,CN
A2226QPBURN69P,CN
A2243S2Q3NUCL9,CN
A225W4PVWAKYSC,CN
A228ESQ4IT0FNX,CN
A22BH7KOCOLJZF,CN
A22BKSXJNQMO6Z,CN
A22D7AM7TRP2D5,CN
A22FUENH7Q459F,CN
A22H38I36R15E9,CN
A22H9D33C4HSH4,CN
A22HC2YCGVTJQ2,CN
A22KO7NLGY73QT,CN
A22LS1VD6DIXY5,CN
A22P6IBMNRGRIS,CN
A22SXWZJ7SJDNS,CN
A22WH0MOGK0EBV,CN
A22YW87LLHI2L9,CN
A230CIW096VV5B,CN
A233QS35CE8E5F,CN
A238XE693UMHIA,CN
A23DU3W3Y71EN0,CN
A23EZK9OS2350K,CN
A23F0F64SVZ4J0,CN
A23J7KC6GONVFY,CN
A23JEUSCMF5FP,CN
A23JY3XG85T0H,CN
A23MSEFP9CPIYQ,CN
A23P0TTA13ZCGR,CN
A23RSYDY50GVEF,CN
A23TB0O7ZI908H,CN
A2409GP3AGMURO,CN
A240OJH9639IRP,CN
A2466SZZQ07SPM,CN
A246GMEIY23P5S,CN
A24EJB3PEWSYNF,CN
A24NUVF1T6XYMD,CN
A24P5ST50K125E,CN
A24RQSB3WVECJF,CN
A24SOPNOLZ02QC,CN
A24TDUP2PNK61D,CN
A24V5HROODXLTA,CN
A255CH490CBV97,CN
A255P0GKH5I0BI,CN
A2579TNM6NH71D,CN
A258KVBPPV4DPY,CN
A25A14QHJ00PN,CN
A25CA8HGS9VMYC,CN
A25DBWYE0B0J2T,CN
A25DHTRJZDH3J1,CN
A25ESP93RV1E4O,CN
A25GGJ8L0CG81R,CN
A25GJHA0BWOH74,CN
A25IE88L87BF7H,CN
A25LJIHSBVFO3R,CN
A25LM4G3A1U8A,CN
A25R6MFK1Q3VYV,CN
A25T7P1UW7T2S1,CN
A25UJ6NK1VD4L0,CN
A25XRQ9T7Y17J6,CN
A25XXY80ECIQQ1,CN
A25YP6Q6SERH6B,CN
A25ZUE2FXZW6GT,CN
A263M23JMTMM46,CN
A26403GWZ7T4O7,CN
A264FETKVYBV4S,CN
A264UQLNXQJAT7,CN
A2663FU1WWXIKL,CN
A2689LAF88E26D,CN
A26ARX5ALMR3MG,CN
A26ATEC08S9EFM,CN
A26EKNZAW1Q7YM,CN
A26II8CHSF9P1Y,CN
A26KFIP1EBG3,CN
A26NXO55NYI13S,CN
A26PNW5RIQGW2F,CN
A26V7CMWVK07R5,CN
A26ZQNN84917ZR,CN
A271D73YO72O7A,CN
A272ITC5TABUWH,CN
A276N722J7X9KH,CN
A278OSTMZRB97,CN
A27A1KOY4CBQYN,CN
A27DTZVRGWKTI2,CN
A27KQX9DI0BS9J,CN
A27KYUACO7N0WL,CN
A27ON612RSEVBP,CN
A27R1NKM236Y75,CN
A27R37LRP470TS,CN
A27XA2NLO6CV3L,CN
A27Y8PTDCYJCD2,CN
A27YGHRM2PPQV4,CN
A27ZPCV5P6HCKR,CN
A2814F84529ICK,CN
A281YNEQRZGDLS,CN
A2830GKD8L76AP,CN
A2858RP2WTX421,CN
A285P09IC5J1L,CN
A289T0G2GGVS0T,CN
A28A1RYX7SFSXH,CN
A28A5RRQ4ZPMU8,CN
A28DZI5I4PJFY4,CN
A28G0U2R6K8PQY,CN
A28QG7X9EU53A,CN
A28T61AR1BCYI,CN
A28VOLJOG39DC9,CN
A28XBAJ3FZ9WIA,CN
A28YKXTGMW25FH,CN
A290686CQNBP9A,CN
A291GP7MV8BH6T,CN
A292NZ0YH9YNGO,CN
A293QDWQOXXK4R,CN
A29459KPIHMAS9,CN
A295ATHELCHN0C,CN
A295WW60KK23G4,CN
A297UNZGNE06BJ,CN
A29A22HPFHIHV4,CN
A29BFCY520CJG7,CN
A29CRK7CWBEOM,CN
A29HW9YQI5MTEG,CN
A29JX7MMFOX1SF,CN
A29QO23ERLFHFI,CN
A29S4GEYH5HOI3,CN
A29TE0AIUMY3UF,CN
A29UUVFO8M4SGT,CN
A29VGYZEDKMOI7,CN
A2A1NXS722830Q,CN
A2A2Z8PW0FEWVI,CN
A2A70329DSZQ79,CN
A2A9GSRZK6I49F,CN
A2AF5KWT7A00PY,CN
A2AL0DX9TKD1U2,CN
A2ALLIRJWD0RCV,CN
A2AM5WQY14013J,CN
A2AM8A67HOSRFQ,CN
A2AN00ZS78IX8,CN
A2APHFQOGBOHHR,CN
A2ASF5C10T9ZXG,CN
A2AVFTA9LEJZM1,CN
A2AWJ4UIANPW3G,CN
A2AX7JMR06DWRP,CN
A2AZ23TYJ8X2L5,CN
A2B0DOF77ZJQI,CN
A2B1OTOM281P1N,CN
A2B2IOP4EPE60R,CN
A2B4WVFCGJGGL0,CN
A2BEYUW8DKYSUN,CN
A2BHBJRGYS3GPM,CN
A2BME1C2H195Y5,CN
A2BO9UUYQNYTXQ,CN
A2BQ2OK2B0Q7MO,CN
A2BRRIPBIAICHS,CN
A2BXGIZY0JAJO,CN
A2BXPLO2CUA5WI,CN
A2C40TUSKODF79,CN
A2C5D7LOMNN9Y7,CN
A2CDGR6D4LHOTQ,CN
A2CFJV4UZ8Y0G3,CN
A2CG38565TN1GC,CN
A2CMDIAXQOQOZZ,CN
A2CTO9KJ63LU9C,CN
A2CV1JYLC1SMPX,CN
A2CW9TK015JFOG,CN
A2CZVSQASB34W4,CN
A2D157CTWK245Y,CN
A2D4P8ULSGUUFQ,CN
A2D99CLQZR8P3Z,CN
A2D9XLSXL7KBWV,CN
A2DBE0IBVPY71K,CN
A2DEQYJV8C7HD9,CN
A2DFRWARA9VT9,CN
A2DH51TKL8RWHK,CN
A2DIC065LKYD24,CN
A2DJ7F23NZSBE3,CN
A2DJO8ANXGNSQJ,CN
A2DLQOO7JMZMMY,CN
A2DLRG7TDDOZOA,CN
A2DPUC9NZOV6U8,CN
A2E4WCUOHIP3HF,CN
A2E5MHYXY527N5,CN
A2E6U1AFER02PK,CN
A2E78YIGOU1GA9,CN
A2E82SJ1ETLM50,CN
A2E8V38OH8TLVD,CN
A2EBLBVX1R7PNW,CN
A2ENC5SYFLHMZZ,CN
A2EQCBOHHY5T0M,CN
A2EV4FK33YVEB,CN
A2EVWSZG618DNM,CN
A2F6DJYTUCIJWE,CN
A2F9HFTM8W4V4P,CN
A2FA494Z45IVNH,CN
A2FGXEP1C1KY2M,CN
A2FNMNDC4TH6QP,CN
A2FQBQ5QHJYURI,CN
A2FRK45JT5AJUC,CN
A2FYTUMDGZ22D1,CN
A2G76BF423P6RN,CN
A2G7W7XU4IFCP,CN
A2GFV3MFEH3BKZ,CN
A2HO1RTLFTMTEJ,CN
A2HSBZRVH125YC,CN
A2HU7KKAUZ5ZE8,CN
A2HUEDZRBLCX7P,CN
A2HXJ1D9YTB0HE,CN
A2I09SXL6G4HAF,CN
A2I0Y6SBPSWY6T,CN
A2I2BTD60MRVUP,CN
A2I2V3BXZ1MS4S,CN
A2I3XZCA4V3FDP,CN
A2I4IZM9FH4YSV,CN
A2I5BWOJ6FD74L,CN
A2I9O6NU97I9OG,CN
A2IAD0DZX53UP5,CN
A2IB8GMKBT8490,CN
A2ICTDD2T6RFEY,CN
A2IG08HFG2QC0O,CN
A2IL93W9NU7BOB,CN
A2IOTO7NIP530X,CN
A2ISVFW90MRVPC,CN
A2IT9HGKMTQA05,CN
A2ITU5HE9XM78F,CN
A2IU5AHCG4DBD4,CN
A2IWGRGDDAL03N,CN
A2J4PV1D59H5I6,CN
A2J74UWUWIH3YH,CN
A2JBI4D2GZXI4O,CN
A2JGC8UKK3133,CN
A2JIWNAX2471GA,CN
A2JN69AUWU8HKD,CN
A2JNEYHDDWX92U,CN
A2JNJFB7JUHQ5W,CN
A2JQECSOJWBJTE,CN
A2JSQT21WD69IX,CN
A2JU91VJJ4Z9C4,CN
A2K27R75VU05QT,CN
A2K5DI8VX12AN1,CN
A2KBJG341KHBTA,CN
A2KGK5BMEDFJOK,CN
A2KI4H8V75YJJQ,CN
A2KJTDFZ1WX6MO,CN
A2KLTE8ATO6TLC,CN
A2KRDQ1AI5Y5G6,CN
A2KU3XGOJGA19D,CN
A2KUSP5VWRKNVT,CN
A2KWKCJ206973G,CN
A2KYTGW2WAT1BY,CN
A2L3FQDZ1TPBET,CN
A2L4I7PJU6FZKI,CN
A2L4N092O910CC,CN
A2L8OI2W9PKL3R,CN
A2LG0RJYJIEEWA,CN
A2LM4S0G8N062T,CN
A2LMEDSZE1RTMP,CN
A2LNAJB5NQIF24,CN
A2LPL0QXV6YEHZ,CN
A2LQ0BE1X7LJBK,CN
A2LQDNP99UBG7W,CN
A2LT5YFSB5YINY,CN
A2LW7HY8RFW2HC,CN
A2LYEX7MYSKSQD,CN
A2M05BS7CVXG21,CN
A2M4070WZZP3WZ,CN
A2M49RHWISCA2E,CN
A2M99LKXDQEZXD,CN
A2MB0N7F6KWVYB,CN
A2MBEB4GEBXCHW,CN
A2MD638V5GZ6HR,CN
A2MGBSJKQ3VXRL,CN
A2MGQEKZ21UHYE,CN
A2MH8PMCUZ2M0K,CN
A2MKE863GW6EQB,CN
A2MM2JB9NRDDAE,CN
A2MSH5UEGF258P,CN
A2MSHYCEREZXSN,CN
A2MWXFXBB1B93L,CN
A2MYRKHOU9U6KL,CN
A2N3M4ZLJK3WGX,CN
A2N4GJ3SUH4Q53,CN
A2N4VGSPFVJUE8,CN
A2N67FNHAIBS23,CN
A2NAFDF65JTNW8,CN
A2NHNDQATP52OI,CN
A2NJY1AXJL7JYX,CN
A2NKEN9O69YXYL,CN
A2NMDIUFEC2RIZ,CN
A2NOFWF54HLDUF,CN
A2NSH777OFW5MP,CN
A2NSJWYHVRZXB1,CN
A2NU4BCWRI3E3S,CN
A2NXYM03IP7Z6O,CN
A2OC2A7KWSQM8L,CN
A2OECK7S5HD7XP,CN
A2OG97HI6RPV7Z,CN
A2OQW62739T4ES,CN
A2OSERG7REXO0K,CN
A2OSRWJDQL23Q0,CN
A2OSXC9DOH24L5,CN
A2OT6MMAHPZXXS,CN
A2OUH30291LDUW,CN
A2OVEQW94J4EHF,CN
A2OVKK30OZ73YK,CN
A2OVRPULFKAUAY,CN
A2P1EO4W0YJDOR,CN
A2P28XW2UVO1CW,CN
A2P570E3VDLF3L,CN
A2P80OFDJM80VU,CN
A2P8E91VJYTHKC,CN
A2PBUB82CHOR5J,CN
A2PJ07ZJUCGNQ2,CN
A2POTWRRK7GAU8,CN
A2PQ5NK8EFAMY0,CN
A2PQ7CLP6IV4MP,CN
A2PQGFJXAT8J9K,CN
A2PQYX064ZYYLO,CN
A2PQZDF0G7HSK1,CN
A2PRCV8XDAIBWP,CN
A2PTFMOWELE1L8,CN
A2PW3BLKE42WBG,CN
A2PW7W24LQ01XE,CN
A2PXS4W53VS5AN,CN
A2Q1DPFBHG4B73,CN
A2Q1XLNRU4J7W1,CN
A2Q3LHQHTUKGTW,CN
A2Q5KJKNLLW6TH,CN
A2Q9N2V4Y4SE0B,CN
A2QC5HQ0UN193B,CN
A2QI9VN2NT26XC,CN
A2QJKMD0E5IHWF,CN
A2QJW923DFWCJ9,CN
A2QK8GABS3469O,CN
A2QO91JEJHR2DR,CN
A2QQE7N9VWSA2X,CN
A2QSDV19SEWRIU,CN
A2QZJ9D6IE8WW9,CN
A2R0A8VB50B1NM,CN
A2R13WNC6O5BEB,CN
A2R2TCUHC80MH1,CN
A2R5860VGHV0K8,CN
A2R5K31Q45KRBZ,CN
A2R72RPJ3NMY7N,CN
A2R7J8IQEJ7X05,CN
A2R7WEO2ET2RIF,CN
A2R8LI5Z2ZYWLQ,CN
A2RAG6E9UOAHRB,CN
A2RKVRHZQLA8LR,CN
A2RL3136M5B7SY,CN
A2RN9J1NNO2GAK,CN
A2RR3KPJ7R40TF,CN
A2RRNH21TYCIOC,CN
A2RRTTUD178BVC,CN
A2RSHXB7MRC028,CN
A2RX5WQS5PWBQO,CN
A2RYMHYQ605I0Q,CN
A2RZYZ4HLI7T27,CN
A2S19KAYIQOOLR,CN
A2S1J308PIYK65,CN
A2S30CI9N5MKI5,CN
A2S3CV4OAMZT8K,CN
A2SA3FJAOP996U,CN
A2SAV7C8L8TXTX,CN
A2SCUAIF5KWF2N,CN
A2SDBQVQBH9C86,CN
A2SIAVVEK1K0JX,CN
A2SJD1HFJXHCDV,CN
A2SK42PI7SI3XT,CN
A2SKNBYJPDXJVC,CN
A2SLWBX5DDB1IZ,CN
A2SM6HEA95USK7,CN
A2SQW43PKHMQEZ,CN
A2SVRTXL97931T,CN
A2SXHVGIBSCGKQ,CN
A2SZXJ6X1I0EYI,CN
A2T0T1XDDQEJL8,CN
A2T1MSIV20CUBB,CN
A2T5UG99TGO7BT,CN
A2T8J35HQP1AFB,CN
A2TBMPNKWALSPO,CN
A2TCS5HZL6VCNV,CN
A2TL56WZUY6AMU,CN
A2TMCEJ2C8SAEN,CN
A2TOM5SCZXQU2N,CN
A2TT1IF6BH0GFQ,CN
A2TV1QKNIFV291,CN
A2TY9DW1UCN2BT,CN
A2U0I32DUU2FPB,CN
A2U2P4N76FH27F,CN
A2U4878X1MK4IX,CN
A2U4WGKJIEYV84,CN
A2U8BH7SZT10TG,CN
A2U8NAIIRL269C,CN
A2U8Q50V916BOZ,CN
A2UC3WOOZ0JKP3,CN
A2UEJKIP0PM7YP,CN
A2UF4NK9M80YBN,CN
A2UFV23H1UORT6,CN
A2UIJCUD54153Z,CN
A2UQ1C5ZMLAA7R,CN
A2UXYR6L0RSUQX,CN
A2UZH47V8PAGGG,CN
A2V8M4JJLLKZRI,CN
A2V90XC3O8S4HV,CN
A2V9TWYD2LJZYC,CN
A2VDQKF25BKV45,CN
A2VFONWOGJYSI0,CN
A2VGM140FMLUG,CN
A2W5CCSTVTLT0Y,CN
A2W5F0V1B55OVJ,CN
A2W6JCYVCTY0YQ,CN
A2W7OY8ZV7FKUR,CN
A2W81PPITGK5HI,CN
A2WCP0LDU4AXZ4,CN
A2WFQF9599NDEM,CN
A2WHZOJYS2YUU0,CN
A2WMR9MUO5AOQP,CN
A2WONS3LSP6YCF,CN
A2WPEVF3JR6X26,CN
A2Z06J9UY3LQL1,CN
A2Z0VWV3MUJASW,CN
A2Z1C9ZM88E0JL,CN
A2Z6MAYIJJGODF,CN
A2ZB0BSWXE58S2,CN
A2ZDT0UHOQ8TET,CN
A2ZDUJH27GO7AH,CN
A2ZEF1O59SW6LR,CN
A2ZEIKK4EKOXDL,CN
A2ZEKEWDEWP3NX,CN
A2ZPCG8ZSIHT42,CN
A32J5050ZG4WRI,CN
A32VJZH0ZW0VN3,CN
A339QH3DLS7IYB,CN
A33CGD9KVQQQFY,CN
A33QYKICGEYZZD,CN
A3436Y517UJD2S,CN
A345OQ89U1SSW7,CN
A34JY1ZNKUG942,CN
A34OKUHSK8LBVR,CN
A34OR3PM1JSDOW,CN
A34R2HXBLP7ZQC,CN
A34SONGLMHQGH,CN
A34WDNBDA7SVWI,CN
A34WQC1K52T60M,CN
A34XVXTBCHMT4Z,CN
A350AL9558NKT,CN
A352K7QOOPXSIR,CN
A3536JE5H4WIIX,CN
A354KBYZ56749Y,CN
A35F6EPJDBR84B,CN
A35I3CPMM8G9LV,CN
A35TWODAAWLTN1,CN
A35X0BFQRVL7QO,CN
A366PRR3TIV210,CN
A36C39DWGLKIR2,CN
A36FD891IJNM8F,CN
A36O3JK6ZNJ59S,CN
A36PJTDMXL1C85,CN
A36QLDUO7XI475,CN
A36T0601QRYS5X,CN
A373BR9A4ANTV2,CN
A3748GMO5UUGAD,CN
A375O13TWECJQ7,CN
A3769H9KPIQEXC,CN
A3775UB9FEXTFE,CN
A378IDEIN3R157,CN
A37BYIG5FVIOR0,CN
A37EFSP4QP9HL5,CN
A37GZVPO8C7GOX,CN
A37I901V5RF589,CN
A37NCUSSMMXTM5,CN
A37Q30C22IR6RA,CN
A37QVN8KI4K10T,CN
A37RXR9MQKAL9S,CN
A37S193C42BYOB,CN
A37UTLI7QOY5OO,CN
A37ZMVZ3Q9D52Z,CN
A37ZQMWT2YMOM8,CN
A3839JOJNWMDBT,CN
A384VS6MZVLJ1G,CN
A388EF2JRGUUQ3,CN
A388SYOKFAMBDU,CN
A38BIC48Q1ESG4,CN
A38DXZXXVP32D7,CN
A38FTBRSCBL8LF,CN
A38GGF4E0RW7DF,CN
A38JXXTHJFUIL3,CN
A38O49JUH238IO,CN
A38WVUQNA64Y45,CN
A3919IJ5RO6T1V,CN
A391VDIP09TN0H,CN
A3927OABBB6JX3,CN
A399GAOGJJF68Y,CN
A39ADD14ZC1D8W,CN
A39AOEFQGOYZS1,CN
A39DSSR9BQZ030,CN
A39ERYHXT98XCC,CN
A39FK3SQMFIV,CN
A39N1O6HAKNRS0,CN
A39PFQKDXC6A8E,CN
A39UCR4AO9SCQE,CN
A39VRCOYAA3IWL,CN
A3A1GRJFO5KK84,CN
A3A2KPB9NZ7YLB,CN
A3A4OLK789E8RT,CN
A3A5VDO7D6908P,CN
A3A6H167K9UZZO,CN
A3A70AIUII469V,CN
A3AA01GKCUXTYX,CN
A3AG7XPC8JA39O,CN
A3AITHNJLWT37O,CN
A3AKFPUNX6CJRN,CN
A3AUY3QJYE05LJ,CN
A3AZHD6M0BFPJU,CN
A3B0R9ZISOL69P,CN
A3B3H4FTZEUVHQ,CN
A3B3S89G6TU3CP,CN
A3B86SRX9I1D0Q,CN
A3BAFSBM1UGLFM,CN
A3BAHN5NICTGDB,CN
A3BDHA3CPU6FI5,CN
A3BE29AW4NPWLV,CN
A3BFRIN0FIA9RS,CN
A3BHAYM5AVKDPQ,CN
A3BHSN7NXKWBWV,CN
A3BJL2V8OKY4T9,CN
A3BLP0XDEYBQBR,CN
A3BNA8YM0QTB16,CN
A3BT206GET3WB0,CN
A3C0J3OLWO4DUT,CN
A3C4PXLQ985JRQ,CN
A3C5UM5GFMLB6I,CN
A3CFFDZIN65E4A,CN
A3CG5ARDZ37DVI,CN
A3CGO2E5JQPFEF,CN
A3CGY4JNWUZCCG,CN
A3CH5D3ESSQ3CV,CN
A3CK3YA9FRZDOF,CN
A3CKHMU1JHAJ11,CN
A3CM9TF20U8O5Z,CN
A3CNGFG3JV9A50,CN
A3COC38B58RFUM,CN
A3CQECOWQ3BYIO,CN
A3CRDQGDJQTW41,CN
A3CW8RVXHXAH37,CN
A3CXIO132YHEGV,CN
A3CXUXTNA8VOZ8,CN
A3CZL4I3F2HVCD,CN
A3D01NWDTG4BU,CN
A3D4THHR8XGI2P,CN
A3D6TDRUT58LHB,CN
A3D96ODQ8JAADY,CN
A3DEXN0W0614S9,CN
A3DJ6KCD2NSLOV,CN
A3DTKJOJ75I9RE,CN
A3DVEBYB7GLFPC,CN
A3E3LRSOEN0NMU,CN
A3E45M5F5L00OZ,CN
A3E63DJE4QN1NP,CN
A3E8IACK95V27C,CN
A3ECBYS4M30EEL,CN
A3EGBH6CLJCFM7,CN
A3EK28ET6464A7,CN
A3ENF2ER8VB5K2,CN
A3EQQ4ATJVLI3U,CN
A3ERLQ8U3D0QY1,CN
A3ETN0RANF1HQM,CN
A3EY97WRDFVC3F,CN
A3EZMFG5LR00IZ,CN
A3F82CO4U1H031,CN
A3F9YSF5OULPUP,CN
A3FCQ7IND4WQ6L,CN
A3FD1KTQNXEPD1,CN
A3FFFOOXUJSYN0,CN
A3FHLDCH2M6DBA,CN
A3FJ6LSCFHDEOD,CN
A3FNJCQSR4EX97,CN
A3FPY38DUDL5CO,CN
A3FQVVCVOPIR4,CN
A3FU6CEABWZ8PQ,CN
A3FXSQ881DJ7DH,CN
A3G0RSX3TU3FWG,CN
A3G1D4OS5Q10QR,CN
A3G23DQBZ78G1K,CN
A3G3IMKTUP8IDX,CN
A3G47ZFHM32XFX,CN
A3G7CGSN9D1FBJ,CN
A3G9PEX358LGJ2,CN
A3GC1F3FMWBO2U,CN
A3GCDDXO8UWR7A,CN
A3GDR3X6YAHKP8,CN
A3GHA7RQSY90MA,CN
A3GLUA1ASL33CG,CN
A3GPJPQJGCP8FO,CN
A3GQYZR006U53L,CN
A3GRKQ1Z9EWGEO,CN
A3GUE14VHTZ8CV,CN
A3H48T5RF05QZF,CN
A3H4VSBHZ0HVOQ,CN
A3H515Q0CGB216,CN
A3H83FXQHZPNTM,CN
A3HAB6MGUN7Z4K,CN
A3HHRZRM48XQKM,CN
A3HPKDLN40IN2V,CN
A3HQ53M25IKSLI,CN
A3HQSSEMX2QSGR,CN
A3HRIWX4F2JE0D,CN
A3HUQX2DH2WYT6,CN
A3HWOQXBRC7GRG,CN
A3I3X0RGZILGMT,CN
A3I5NIY96K1LRE,CN
A3IAO781DEK9WL,CN
A3ID9L5Z3FQOBK,CN
A3IFTAXKFVSZOG,CN
A3IG0JC2Y2LCOE,CN
A3IMU9KWVG674F,CN
A3IN6LBXE6GTMZ,CN
A3IP2G0ID41RVR,CN
A3IX6G5JF98Q7A,CN
A3IXGJWQQ36KWH,CN
A3IY3OSE5IXY4P,CN
A3J5OGE6K5CM8B,CN
A3J65LA1XKD5G4,CN
A3J81ZN87JDQ2Q,CN
A3JAT0H6CT0I2P,CN
A3JGGYYZR4KSBZ,CN
A3JGOVR7WO3Y6Z,CN
A3JIMYMF5BVBY,CN
A3JOT2FEMB4WJQ,CN
A3JV2ZR3UYTK11,CN
A3JYN3S333TG3N,CN
A3K4IDNEKYI8KO,CN
A3K6DQ02XAKP5B,CN
A3KA0S8WIWRDLP,CN
A3KAKSP1F9N2ZH,CN
A3KECPIDBD2BZB,CN
A3KKIP6I1ENNMZ,CN
A3KLG31RQPU00T,CN
A3KMW5XZ660KGT,CN
A3KVE5ILSKQYDB,CN
A3KX5MK9M4LQTV,CN
A3KXWIYZUH3BQB,CN
A3KY3ZXR2HG4KR,CN
A3L1FGJVAC5KDO,CN
A3L75ZJ8LID4WV,CN
A3L9JMP1AIWQUA,CN
A3LFFOMIXR3S0B,CN
A3LFJJ2PAL2KXG,CN
A3LH55V6VV3U0F,CN
A3LHL0BCCN179W,CN
A3LIDGYQEZRM3C,CN
A3LLOH9XPDHFFU,CN
A3LXYKI6JWLT7R,CN
A3LZW5OTP432HI,CN
A3M038SM2S0O7M,CN
A3M06XE50XZRFZ,CN
A3M0J9NUN3HH9B,CN
A3M19LHA0MF1AZ,CN
A3M3RP9H99KTXQ,CN
A3M9SI3YPHRAMW,CN
A3MCGAW1D78C3U,CN
A3MGSHWEJECKX5,CN
A3MKIDY7A3PNJO,CN
A3MKTGL435UODX,CN
A3MUOBD3KCPZWU,CN
A3MUT90USRY3FE,CN
A3MUXHUUHYU66K,CN
A3N0677G67Z3Y2,CN
A3N328SUWHGUEE,CN
A3N5Q0XDM2PDQM,CN
A3N7RYTAJUL0UC,CN
A3N899SPAWH1Z8,CN
A3N9MMB3BM7546,CN
A3NB0B4JXQT99B,CN
A3NB9K9ZPPL603,CN
A3NF5L4SU2KYVZ,CN
A3NU8Z1XILPMSO,CN
A3NV4JQMT68UE,CN
A3NXDUXY8DKCZY,CN
A3NYB3H93G01LP,CN
A3NZYL4O4WP8YP,CN
A3O16B6THBLEWV,CN
A3O6PJ1VIRJ2BL,CN
A3O6XUBIDU6T4T,CN
A3OAAC3JMI1K0H,CN
A3OAKFN9F31JIV,CN
A3OC0ITSBTPLZG,CN
A3ODR0GHIJQM7F,CN
A3OFRNA3HTYQ3,CN
A3OG9CCMQ3WBDI,CN
A3OISLHB299RBN,CN
A3OKIH4Q973LG2,CN
A3ON9SHO1RYN8B,CN
A3OOLB8NMW6BJM,CN
A3OOMRS3Q5FRM8,CN
A3OQ7RR85A8LXE,CN
A3OQFECM3ZLIWW,CN
A3OU5BZXAOTDH5,CN
A3OULB8S2H76BD,CN
A3OUR7K8XJJ26R,CN
A3OV4MWTMVYMO7,CN
A3OVWCFONZ701S,CN
A3P14ZMEBD54ZJ,CN
A3PG9Q72RWP2D1,CN
A3PM2ZR3DO353U,CN
A3PSSEWB41TR0P,CN
A3PUJVX5G0V6FU,CN
A3PXMK7WTWSTOW,CN
A3PYB72A0X6CT2,CN
A3Q44SS1YRUZ3H,CN
A3Q5GP7G4R3V2S,CN
A3Q8QC44DJDGMJ,CN
A3QCPKMNX5I5I7,CN
A3QD0TUCY4WYCD,CN
A3QNA6J4I6JIMM,CN
A3QR2N7T5KNZAW,CN
A3QT1YMIJJQJGH,CN
A3QVDZ4MTGAH9K,CN
A3QVTAFSP0B4ND,CN
A3R0VQ7H3Z4L0J,CN
A3R15UY1E58REP,CN
A3R32LU236MI8D,CN
A3R3YS5HUFJYCI,CN
A3R88G6XN4MU3V,CN
A3R9L7OAF73KBB,CN
A3R9SK27MRTGAG,CN
A3RAFX490YAG02,CN
A3RARG83RBAT6,CN
A3RAST63W2GFVK,CN
A3RF48RZCBP28A,CN
A3RFQGG7YXTDIR,CN
A3RJR03DLU6EEB,CN
A3RP6L3WO4B5SS,CN
A3RUOAYLNNK3N,CN
A3RVUHKV08JME0,CN
A3RXLKUGDZX3ZB,CN
A3RZFIWR1CI782,CN
A3RZMB1F73GI1P,CN
A3S10U99FGFFR2,CN
A3S25GCPDAK327,CN
A3S5DVIM7YFVE0,CN
A3S75ZIEKGPYLD,CN
A3S7A0Y8KS4LK4,CN
A3S88OMZONN8TN,CN
A3SAYIAXUIBKVF,CN
A3SR02H52BZEI2,CN
A3STEXTAEJYTKG,CN
A3SVJHR4PCO3YI,CN
A3SXJDUAVHJ5L,CN
A3SXURH7CZPPVI,CN
A3SYY0TG47XEZR,CN
A3SZ16SUVOPQCI,CN
A3T6LWL7P6TUNU,CN
A3T75FWDXEEJL,CN
A3T8RGXVPRPYQB,CN
A3TAMZIM29DE6T,CN
A3TAN23F40PK1J,CN
A3TKG6FQ2J2TVO,CN
A3TNH97RDPQ1X1,CN
A3TOH5U29GLTNR,CN
A3TOY6A7O2R0JT,CN
A3TUFXNMQVVKL2,CN
A3TY3N7MOO41O8,CN
A3U4TY2DC0J8TH,CN
A3U4ZFVTIOAEDP,CN
A3U8C0XFBLIQ7K,CN
A3U93J1G4MLD5I,CN
A3UDCVZJ1KDKFG,CN
A3UG15SP2UP106,CN
A3UGV0UC6GOKKF,CN
A3UI2QR521XIGE,CN
A3UPIJV6S9T80S,CN
A3UR1U5ABKKCC4,CN
A3URYJ09ROODRA,CN
A3UUDAHGO0WXJZ,CN
A3UWTN1CIKFK9E,CN
A3UXAA94UBR1GU,CN
A3UZWHGC9QP6DB,CN
A3V3WPCOZTOPAM,CN
A3V3Y301XO99Z2,CN
A3V7LXM5VT5NH3,CN
A3VAAZQ7IQ4RM2,CN
A3VF1XPV3VTGRU,CN
A3VFKUOGNWUIFL,CN
A3VJ153TRW8A87,CN
A3VJYPG9PLJNZO,CN
A3VN0HMKGK8S0B,CN
A3VPO87DYZVT5J,CN
A3VXZ7770GXES0,CN
A3W0B9IF5WDG7T,CN
A3W0TEAQKFB7ZZ,CN
A3W1AMDMTBT0M1,CN
A3W2RVQFUTB47X,CN
A3W553I541E0WB,CN
A43UC4JY44W2I,CN
A4EW6O99ET714,CN
A4IWNATC64MMF,CN
A4JO2E1FOQS9I,CN
A4OOYT0QG4H2Y,CN
A4QIF73W91814,CN
A4T50BO4JX71Q,CN
A4T9ON3GKRGZV,CN
A4URONKD0SHTD,CN
A4X77TJJHF6MO,CN
A4XM8VZIZ1PQG,CN
A4Y2UTMX9KOK8,CN
A5LVDLVBLXJS7,CN
A5MI14WE0WGQZ,CN
A5NVYMYX31HZ7,CN
A5O06KIJE55KY,CN
A5OS304IU9AFB,CN
A5Q1DE4PSD45F,CN
A5QB4S5EFIPXA,CN
A5QH8IN6TN0AW,CN
A5T3S6A4VWTOL,CN
A5V4C5ZV0B145,CN
A5XNQNGBM7C7J,CN
A60BN5HEGSI7B,CN
A65342XTHUNWM,CN
A65RCSKHCOFCR,CN
A688ARWGC1KW2,CN
A6ALQ7NAGMPUT,CN
A6BTQ8JM3IA64,CN
A6GWZCVXMN9B5,CN
A6MFXJXS7HGFY,CN
A6TDAQJJ41UH6,CN
A6W2XCSZUPWBT,CN
A6YES7TAVMDRX,CN
A6ZLYLSDZPDEL,CN
A76AQUN5BYPD3,CN
A78YI1VX7LHSG,CN
A7971ALKNQZ3O,CN
A7AXASWGH8OCC,CN
A7H485J6LPTSQ,CN
A7HOTEUSC1A1Z,CN
A7MJOPBR9314C,CN
A7PE1OJO25GW4,CN
A7PY4AOBGV2XI,CN
A7ZC3HYKVUNJY,CN
A82TSZ16SBP3Y,CN
A83BHZFQ3Y439,CN
A83C2F5AWV47J,CN
A84ISXLWKDMPW,CN
A8A1WPD6VSRQD,CN
A8AMAIIWM2FLU,CN
A8CPC6JEJVXTO,CN
A8HNLTKPBFIAC,CN
A8JYTSPJ3ARNI,CN
A8KZE62JWRXMJ,CN
A8N8LIX7GUCVR,CN
A8UJAXXVLFM1,CN
A8V1Y0QTSFTB1,CN
A8V21LSMWDJY8,CN
A8VQCRHCVKQ9Y,CN
A8WPOEQGV1MCX,CN
A929VCQU9N694,CN
A97TLFD8ZZHBC,CN
A9BFZF90NONAZ,CN
A9ECF2RCR6SDC,CN
A9G55WTBTXFD4,CN
A9H25358AOSAE,CN
A9I831PQTAM4A,CN
A9L4CMNK6SBQ4,CN
A9LEBUZELCOKW,CN
A9O5A3KT2IHHD,CN
A9R4M4RPMUHQN,CN
A9TSF4HX9ON6A,CN
A9UIFOPIFZACT,CN
A9VAKYMMFXG39,CN
AA6K2XELECP2A,CN
AA77D34MLN2NL,CN
AA9XWHJ96LE4W,CN
AAD8KZV7DT9YD,CN
AAEIA14EKGTA2,CN
AAKKQX89YD3CZ,CN
AAKKYD9STB651,CN
AAMGEL72LX4H5,CN
AANQPJEI5PWSG,CN
AAQI5V1S4C7VX,CN
AAR0LLO3WUF5Q,CN
AASTQBAXND0CW,CN
AAVY73X8RNMK5,CN
AB1VSO0NF9YTL,CN
AB2XJAFFGS1EW,CN
AB3G7K50LLEUE,CN
AB43C5OYRERLI,CN
AB8QQGX2VYVJC,CN
ABA6VDQPK0C2B,CN
ABAMSYKP3BLH4,CN
ABBCP7ZLGFVO4,CN
ABIFR9D07BM30,CN
ABIJN9HHBN67U,CN
ABMNOQ1L3MTQ9,CN
ABO2SLOQ1JGTI,CN
ABRPRXUY11HL3,CN
ABS4Y5CP5R0AB,CN
ABSIN5FGJRKHH,CN
ABSKGA5EZG38F,CN
ABTP96HHC91VP,CN
ABUSTC7GMTL7C,CN
AC1Y757GBY7LJ,CN
AC3O8VWJ7AYJ6,CN
AC5QFCSHZIYP8,CN
AC7O2UOZVUFAN,CN
ACB8JH877ASC0,CN
ACC6Y78WI64L9,CN
ACGPNS3TGW5A8,CN
ACH2J29DDZR18,CN
ACI19EO3GIURL,CN
ACR34QR628EV1,CN
ACTEYQAYB9LW8,CN
ACTZRPAI0WYJQ,CN
ACVASRDV3HZTQ,CN
ACWYAGDSSGK43,CN
ACYRYKB3K7HLH,CN
ACZJO08WA71L1,CN
AD1FEUXNUBJT2,CN
AD4EZARX04FR8,CN
ADA3KTWYLLCZ6,CN
ADBUM6E3M1UDN,CN
ADCCZMUPOZXRM,CN
ADD3R3N4ZGF6Z,CN
ADJD04GEZ2RT2,CN
ADUX7DYS1IG4U,CN
ADWC5AAYDNJX1,CN
AE6OVAEV9NVPI,CN
AE6WQKEZSQET,CN
AE8HQ64W6GG4B,CN
AEATQMEKQ4S91,CN
AEEJXP61PX0R4,CN
AENJ1HP21R7A8,CN
AENP1BH5UZMCX,CN
AEOP6N8LL8VA2,CN
AET9B0FNKDKRC,CN
AETRILMUFEE1A,CN
AEV5G41YGTQI7,CN
AF21X6ES9ISOS,CN
AF6ZY8WX1CBNN,CN
AF78HQ1S5E90A,CN
AF9SER2OEBERO,CN
AFFP5HO80VHHF,CN
AFJ7KMD4B355Y,CN
AFJNSUZ4MBH8Q,CN
AFMRW02PTHTEX,CN
AFRUWVWO3UJ63,CN
AFSNBGVC7XHWV,CN
AFT483KFZH5M4,CN
AFXKNJZYTL75N,CN
AG6FD2ZNFDKUR,CN
AG8DEZ0E1CHZH,CN
AGB7K3Q650H2L,CN
AGDJO11FOKZV7,CN
AGGDWH4JO8ZX7,CN
AGIXOSTPPI54M,CN
AGIXVQQO6ECRN,CN
AGMQ9HKK8PQMJ,CN
AGNNHOEIY48OX,CN
AGPPXPPY0RLIK,CN
AGPSUONNVHTM2,CN
AGR8VHJKHRMMS,CN
AGWYLDGWDG34B,CN
AH25G1WVM0RNB,CN
AH3AQ4QV1I7P4,CN
AH6ESS76SC0TG,CN
AH8FMOODOCDG3,CN
AH8SGV8L5FAI5,CN
AHDYBRAVT0CBM,CN
AHEB0ZYO289YH,CN
AHGXGPO0QSPY2,CN
AHL6IHCVUF53S,CN
AHPD2L8FVS304,CN
AHT5BX9A4F6QN,CN
AHTSGLM9MDF1H,CN
AHU2IOSO6E6OE,CN
AHURM5DKXVBQS,CN
AHYREUWKMQ3ZS,CN
AHZ7IFF9H2X57,CN
AI27VCT88UXDU,CN
AI3KZT5ZPMWVT,CN
AI8BSKVHLU8RP,CN
AI8UQZ6EGZ260,CN
AI9O1ULE2JGYM,CN
AIC2SHMYNFVHP,CN
AIESSUZ7JY6H1,CN
AIHIY0DA2HTFD,CN
AIKJRV8BBSNYB,CN
AIQZFH19ARHFC,CN
AIRDJ79TXXMOP,CN
AIX60DP73AM0L,CN
AJ19A14A1O2I2,CN
AJ469NUZ8YV0I,CN
AJAHESMGNJXJ7,CN
AJC4Z1GDWE982,CN
AJEXJL26T8U2S,CN
AJHPNKN9F1YMY,CN
AJO2N8BDQ0CBJ,CN
AJQQ3R6893DUX,CN
AJRAUMTNK3BCL,CN
AJTF378FGW3M4,CN
AJTIGNV8UX234,CN
AJUVGDNGXG24V,CN
AJWC4T63PQR7G,CN
AJXOF43E3LY5Q,CN
AJZ6SG7H6ZJ1,CN
AK14WAQ589Y3A,CN
AK390HFMZUM7D,CN
AK61EAEWLJHVY,CN
AK641WUZ3CJEI,CN
AK6ZQPSF69ZZI,CN
AK7T5D9C9T4UC,CN
AKDP65R0IQB21,CN
AKF43PN35DRDT,CN
AKFKR7YK9QM72,CN
AKHDKA34FP9JA,CN
AKL0RB5JXRK7J,CN
AKQNK1RD1EC9F,CN
AKWEAH3Y8E554,CN
AKX2DI4Z071IG,CN
AKXQ4GVO0IZIX,CN
AL4Z9BGF34D3W,CN
AL8RAR2WOGB98,CN
AL9IXCKRL6HL4,CN
ALD5RD1BQSQV7,CN
ALI5WNIDAHPB9,CN
ALOQNKWWWGXXL,CN
ALOUV5AE65QHV,CN
ALP948GWM8VTN,CN
ALPY7CPY98ERN,CN
ALQF1ZYDAQPO9,CN
ALQXJXEOAVDBJ,CN
ALSBVVJCX9B5,CN
ALWAB69OD0ESO,CN
ALY4V82MKUMK8,CN
ALZGA0B5ZKNM8,CN
ALZRWIB6QS9JQ,CN
AM0ZEIHJKL4CB,CN
AM1CL5UDF9GVR,CN
AM86ZJENZ709U,CN
AMBI7MCMDU090,CN
AMCL486LVL91U,CN
AMG3DF22BA3CE,CN
AMIWTKFN6022B,CN
AMKJ0IXRA7MDT,CN
AMKPATLH4QZHF,CN
AMS7QOMUDLPOK,CN
AMV861JAYCGS5,CN
AMV9RT2PZQCMN,CN
AMWH8TNIMYUBT,CN
AMXC7ILQRGU9G,CN
AN3CYGSJ4392C,CN
AN4DQYAMEXJI4,CN
AN9LBA48FE83R,CN
ANCTCAC83PIQC,CN
ANJDJ0JMKMBUI,CN
ANJNJD24JP7N7,CN
ANOADIRY5UBNG,CN
ANTIXV2YQOJJS,CN
ANYNANJTFJY5C,CN
ANZL467MGE80M,CN
AO03LCLYDVEDC,CN
AO4EP2B8TK1JA,CN
AO8ASD8PQRAYF,CN
AOBKC74F2W5A5,CN
AODV5VUFTL4J7,CN
AOKYVXXZ9D2G3,CN
AORH37XOV0V6C,CN
AORM5C5C13J9V,CN
AOS9YUUS1ST61,CN
AOSJERQ1NYIUP,CN
AOYBJH0H5XNER,CN
AOYQKP0N61AKW,CN
AP0UK2WM9321Q,CN
API1AZE5M4JVL,CN
APIJZAA52G4GE,CN
APPG2ZI135I81,CN
APQ1HKUKOYCM1,CN
APRKROU5F958K,CN
APU04RFAWOJ5R,CN
APXQOV0VJMFID,CN
AQBP1CZAFB4H2,CN
AQC6S42YGVE67,CN
AQDLUGZ2TYNKJ,CN
AQEKZXDO64HMM,CN
AQIGCYEKEJD4E,CN
AQMHAWSXHFHHZ,CN
AQPFVOXKYV774,CN
AQZ2QFZF72T7,CN
AR1ATLD20CJYO,CN
AR2O1WY9Z6E87,CN
ARDBBRDZ51906,CN
ARFL1NBQBXQLM,CN
ARGV9IBC7Q794,CN
ARIHSFPZRQK37,CN
ARMDJR535JEKT,CN
ARNRXAWO245V4,CN
ARSBAPZ28ZYAN,CN
ARX74VI6RWQN2,CN
AS1ER0LOT7AVX,CN
AS8E82DXW29NQ,CN
AS98S0DNEKMED,CN
AS9W29Y2WUBJ4,CN
ASEYAO7NFP9FQ,CN
ASFJZUJC5M9PO,CN
ASJVRGY3ABUQL,CN
ASL6T4ALTNV1R,CN
ASLGTDS7VU9YA,CN
ASRNJRKBNCL6X,CN
ASRZHJVYSNU1F,CN
ASVC8TF438GQJ,CN
ASW0HNNOG1FYB,CN
ASX1IBJDL1E8G,CN
ASYD2QK5F42TK,CN
AT1IU9LAA5VK8,CN
AT571DW3Z6W0I,CN
ATDW5898TPLVH,CN
ATIXV2NOE9T1X,CN
ATJ6VB122UY8S,CN
ATVHPCG21UKS8,CN
ATY7LKFAG2FLY,CN
AU2UU87CBVY58,CN
AU5495OKP4BSE,CN
AU9RCQ0RCRL4Y,CN
AUCH6172A7L9V,CN
AUGBYWBHDOAE5,CN
AUGHRR1TZA0B0,CN
AULXZOC5RHXIK,CN
AUN8UFSEAACEA,CN
AUPDE14EH6MSP,CN
AUQSSY3SUVTUO,CN
AUSVW7T9G25XT,CN
AUW1LABOO3WM3,CN
AUYTYJG3UV3QS,CN
AV2CJWVSFBHFW,CN
AV4YUBULEOSZO,CN
AV8Y38U019U1H,CN
AVA282H2ALET7,CN
AVA4SVNYGUW6R,CN
AVBNDB5TD7IV8,CN
AVD62XNGN61K0,CN
AVDBDJZHDU6IW,CN
AVFFC9OY2EZRM,CN
AVGD0O69IOCHX,CN
AVKK5KV63S2A0,CN
AVLDBIH8VSKBI,CN
AVNG30GYELWVV,CN
AVOTX2S5M478B,CN
AVSGSQJECV5C1,CN
AVTD1QAO1T2AU,CN
AVWGKXSBFEITN,CN
AVXQ9J0G0VC0N,CN
AVYFU1I2NNV2Z,CN
AW0LSPWIPM7M0,CN
AW0PPL7S6FWOX,CN
AW13MLVKFMY44,CN
AW2ZVVH2LFQ31,CN
AW3N3R3M84LOD,CN
AWAIOQ8672QQU,CN
AWCZDZLGS2EL2,CN
AWGSXKY76X9MZ,CN
AWHPP0851IO04,CN
AWJ2NMFDNPDMK,CN
AWJVKZNHADPSN,CN
AWN26M2RYZ36E,CN
AWSHI3YB1Q33W,CN
AWW4K8IUA51N9,CN
AX0YBASR681IY,CN
AX16HVWGKT9R1,CN
AX5FMQ2JKMVK8,CN
AX8TPWGKZH9PY,CN
AXCRVTVBVVC3A,CN
AXDCPMX435NII,CN
AXDTXNG9U1I5A,CN
AXEZ4CSB50RAU,CN
AXGXT1C5SGX3G,CN
AXHF4BIWWXH5P,CN
AXJZV6HOSC8FP,CN
AXK170Y5X85YI,CN
AXL79U31BJA6X,CN
AXMN5YK7H891L,CN
AXRMKGHLKRN87,CN
AXU11NGUIHN8T,CN
AXVOFZN88H4A0,CN
AXWPRQ55U4VI3,CN
AY1Z2BADPJR4D,CN
AY2EGSTI2UEH9,CN
AY54U6RWEG5UE,CN
AY5WNLWFLPZFU,CN
AYAQCA6J7ASI3,CN
AYEFKFUUSMF0K,CN
AYGK4PHHVEUYW,CN
AYGKHLTRD0TTF,CN
AYK8Q22E85LDZ,CN
AYPK4WVPJA2W3,CN
AYRUK7U1VDIFA,CN
AYZ3OD0Z9BQ6Y,CN
AZ88VPK8SJMPQ,CN
AZBXC57GXWM1H,CN
AZF8LFN6W9B0V,CN
AZIWKB4RUNANS,CN
AZIY5MEVJ190A,CN
AZJ1USZP789W9,CN
AZOIXSCKG2GZW,CN
AZSOE9DZ2PJDC,CN
AZT2OGJ5WKQ9X,CN
AZZXINJBKF3YG,CN
